step,physics_step,time,phase,root_z,root_quat_w,root_quat_x,root_quat_y,root_quat_z,projected_gravity_0,projected_gravity_1,projected_gravity_2,action_max_abs,action_mean,action[0],action[1],action[2],dof_pos[0],dof_pos[1],dof_pos[2],dof_vel[0],target_dof_pos[0],target_dof_pos[1],tau[0],tau[1],tau[2],max_abs_tau,stop_reason
1,10,0.020000,0.008800,0.430736,0.999983,-0.002807,-0.002334,0.004441,-0.003261,0.004925,-0.999983,4.705936,0.063571,0.290534,1.660529,1.073172,-0.246400,0.222323,0.139309,-0.912990,-0.127367,0.415132,2.7615,-6.4830,-1.3802,6.8140,
2,20,0.040000,0.016800,0.425641,0.999921,-0.000343,-0.012432,0.001581,-0.024313,0.001373,-0.999703,6.738893,0.128332,0.146921,2.026642,1.688298,-0.152900,0.209706,0.162648,4.778797,-0.163270,0.506661,-6.4022,6.9621,1.2859,8.4183,
3,30,0.060000,0.024800,0.416980,0.999912,0.005548,-0.009886,-0.006859,-0.020506,-0.008514,-0.999753,7.482196,0.097520,-0.051572,1.522266,1.953419,-0.127837,0.211389,0.217736,-0.329575,-0.212893,0.380566,-0.5686,9.4163,1.6306,32.3127,
4,40,0.080000,0.032800,0.410908,0.999730,0.019277,-0.009678,-0.008647,-0.018751,-0.036283,-0.999166,8.152967,0.046011,-0.270761,1.399460,2.009032,-0.132443,0.201943,0.281035,-0.160131,-0.267690,0.349865,-2.1733,5.8844,1.8863,36.0000,
5,50,0.100000,0.040800,0.406363,0.999557,0.027188,-0.011384,0.004103,-0.022615,-0.052901,-0.998344,7.688474,-0.078643,-0.327083,1.044507,1.709510,-0.143283,0.202745,0.328486,-0.729909,-0.281771,0.261127,-2.6374,4.1919,1.9997,36.0000,
6,60,0.120000,0.048800,0.403741,0.999413,0.023692,-0.010222,0.022557,-0.021851,-0.048638,-0.998577,6.641652,-0.198883,-0.337783,0.635863,1.108341,-0.171315,0.220759,0.351106,-1.486801,-0.284446,0.158966,-1.0835,-0.8307,1.0657,36.0000,
7,70,0.140000,0.056800,0.403315,0.999294,0.015665,-0.005199,0.033755,-0.012566,-0.032218,-0.999402,6.194920,-0.202771,-0.112316,0.441795,0.737031,-0.212514,0.242133,0.340689,-2.191810,-0.228079,0.110449,1.1298,-3.6597,-0.7931,33.1101,
8,80,0.160000,0.064800,0.402639,0.999140,0.011497,0.000874,0.039817,-0.000252,-0.023549,-0.999723,5.959789,-0.218463,0.114031,0.364428,0.729861,-0.257449,0.249849,0.311226,-2.061260,-0.171492,0.091107,3.9730,-4.4027,-1.5368,30.0742,
9,90,0.180000,0.072800,0.401708,0.999159,0.010406,0.005469,0.039292,0.009367,-0.021268,-0.999730,5.547257,-0.236121,0.036973,0.409415,0.917975,-0.289170,0.250215,0.287190,-1.262237,-0.190757,0.102354,5.4237,-4.6782,-1.5917,28.4688,
10,100,0.200000,0.080800,0.401001,0.999341,0.011840,0.009537,0.032958,0.017468,-0.023886,-0.999562,5.121355,-0.247510,-0.243460,0.540486,1.108938,-0.307316,0.246008,0.277087,-0.729620,-0.260865,0.135122,4.5912,-3.9123,-1.0821,25.5431,
11,110,0.220000,0.088800,0.400798,0.999501,0.013511,0.014350,0.024692,0.026973,-0.027477,-0.999258,4.653814,-0.237773,-0.508902,0.626174,1.144382,-0.320661,0.241129,0.275406,-0.689723,-0.327226,0.156544,2.8285,-2.8783,0.0632,22.4261,
12,120,0.240000,0.096800,0.401122,0.999531,0.013956,0.019518,0.019003,0.037465,-0.028623,-0.998888,4.550310,-0.221010,-0.626777,0.609086,1.014290,-0.335633,0.237784,0.275619,-0.790558,-0.356694,0.152271,1.4381,-2.2056,0.2733,18.9828,
13,130,0.260000,0.104800,0.401551,0.999485,0.014231,0.023836,0.016082,0.046487,-0.029145,-0.998494,4.185497,-0.230747,-0.556739,0.573898,0.872310,-0.352407,0.233670,0.275406,-0.781681,-0.339185,0.143475,1.0439,-2.1157,-0.5968,18.1571,
14,140,0.280000,0.112800,0.401714,0.999447,0.015077,0.026287,0.013698,0.051847,-0.030707,-0.998183,3.840730,-0.263353,-0.402115,0.558231,0.785092,-0.366362,0.228592,0.271696,-0.594480,-0.300529,0.139558,1.7070,-2.2009,-1.2581,15.5284,
15,150,0.300000,0.120800,0.401626,0.999438,0.016477,0.027141,0.010712,0.053864,-0.033279,-0.997994,3.965126,-0.295205,-0.293067,0.552003,0.753055,-0.376946,0.223073,0.265138,-0.446526,-0.273267,0.138001,2.9623,-2.1235,-1.5744,12.4122,
16,160,0.320000,0.128800,0.401473,0.999443,0.018351,0.027250,0.005934,0.054285,-0.036694,-0.997851,3.998890,-0.310269,-0.321204,0.575866,0.749615,-0.384841,0.217219,0.258994,-0.335374,-0.280301,0.143967,3.8503,-1.9708,-1.7150,9.9276,
17,170,0.340000,0.136800,0.401357,0.999426,0.020153,0.027220,-0.000896,0.054465,-0.039932,-0.997717,3.937482,-0.307361,-0.460806,0.636737,0.718443,-0.391529,0.211764,0.254192,-0.302952,-0.315201,0.159184,3.7913,-1.6487,-1.6862,8.4897,
18,180,0.360000,0.144800,0.401181,0.999363,0.021737,0.027058,-0.008323,0.054504,-0.042734,-0.997599,3.849441,-0.300604,-0.614825,0.699767,0.652477,-0.398637,0.206228,0.248030,-0.348565,-0.353706,0.174942,3.0259,-0.9983,-1.6015,7.6573,
19,190,0.380000,0.152800,0.400750,0.999275,0.023054,0.026406,-0.014839,0.053654,-0.045090,-0.997541,3.801306,-0.306321,-0.696714,0.747113,0.583864,-0.406952,0.200396,0.238670,-0.410394,-0.374178,0.186778,2.2130,-0.3425,-1.4479,6.9902,
20,200,0.400000,0.160800,0.399932,0.999177,0.024421,0.024865,-0.020758,0.051100,-0.047515,-0.997563,3.818738,-0.326396,-0.694786,0.780532,0.516366,-0.415251,0.194497,0.224497,-0.392101,-0.373697,0.195133,1.8203,0.1948,-1.4006,6.0852,
21,210,0.420000,0.168800,0.398810,0.999082,0.025696,0.022291,-0.026024,0.046555,-0.049981,-0.997665,3.892950,-0.357733,-0.646936,0.801316,0.464617,-0.423320,0.189131,0.209003,-0.340527,-0.361734,0.200329,1.9995,0.5143,-1.2692,4.6570,
22,220,0.440000,0.176800,0.397401,0.999019,0.026961,0.018112,-0.030104,0.038856,-0.052592,-0.997860,3.995829,-0.398232,-0.596724,0.816965,0.460959,-0.429558,0.184403,0.194112,-0.230832,-0.349181,0.204241,2.3810,0.7525,-1.2931,3.5538,
23,230,0.460000,0.184800,0.395658,0.998985,0.028100,0.012180,-0.033031,0.027585,-0.055172,-0.998096,4.095484,-0.440830,-0.565246,0.837441,0.489302,-0.433316,0.180861,0.182300,-0.115648,-0.341311,0.209360,2.6975,0.8728,-1.2513,3.4655,
24,240,0.480000,0.192800,0.393519,0.998963,0.029029,0.004603,-0.034773,0.012919,-0.057511,-0.998261,4.177826,-0.482398,-0.546312,0.874243,0.528098,-0.434919,0.178918,0.175232,-0.021312,-0.336578,0.218561,2.8402,0.9834,-1.1599,3.3762,
25,250,0.500000,0.200800,0.390891,0.998928,0.029765,-0.004467,-0.035182,-0.004841,-0.059624,-0.998209,4.236086,-0.524316,-0.509066,0.935006,0.578176,-0.435226,0.178373,0.171648,0.046288,-0.327266,0.233752,2.8900,1.2008,-1.0025,3.2889,
26,260,0.520000,0.208800,0.387728,0.998848,0.030265,-0.014936,-0.034116,-0.025476,-0.061416,-0.997787,4.267635,-0.566958,-0.425379,1.021536,0.641457,-0.436942,0.179381,0.170149,-0.048687,-0.306345,0.255384,3.3633,1.4366,-0.6954,3.3633,
27,270,0.540000,0.216800,0.384090,0.998646,0.030348,-0.027249,-0.032291,-0.049757,-0.062400,-0.996810,4.270544,-0.610308,-0.309084,1.111437,0.740466,-0.439198,0.183248,0.170071,-0.035807,-0.277271,0.277859,4.0393,1.7187,-0.3209,4.0393,
28,280,0.560000,0.224800,0.380014,0.998201,0.029797,-0.042004,-0.030690,-0.078819,-0.062196,-0.994947,4.273191,-0.651368,-0.188486,1.181477,0.895943,-0.438601,0.191445,0.172138,0.144087,-0.247121,0.295369,4.6238,1.8115,0.2060,4.6238,
29,290,0.580000,0.232800,0.375518,0.997355,0.028735,-0.059712,-0.029867,-0.113602,-0.061059,-0.991648,4.338306,-0.690412,-0.091022,1.223503,1.119764,-0.430684,0.204417,0.180601,0.558229,-0.222756,0.305876,4.6695,1.6383,0.5806,4.6695,
30,300,0.600000,0.240800,0.370581,0.995975,0.026842,-0.080298,-0.029427,-0.154096,-0.058640,-0.986314,4.524765,-0.721317,-0.005433,1.252568,1.376352,-0.412665,0.221858,0.197493,1.034608,-0.201358,0.313142,4.1454,1.0550,1.1837,5.7445,
31,310,0.620000,0.248800,0.365240,0.993905,0.023324,-0.103348,-0.030451,-0.199322,-0.053403,-0.978478,5.210575,-0.740279,0.066909,1.268150,1.640908,-0.385247,0.246149,0.224366,1.464193,-0.183273,0.317038,3.3204,-0.0161,1.5839,7.0477,
32,320,0.640000,0.256800,0.359404,0.991038,0.017784,-0.128294,-0.032678,-0.248201,-0.044812,-0.967672,5.937223,-0.744767,0.175145,1.247251,1.919463,-0.346495,0.276152,0.260909,1.957757,-0.156214,0.311813,1.9600,-1.1360,1.8739,7.7017,
33,330,0.660000,0.264800,0.352675,0.987356,0.010370,-0.154360,-0.034546,-0.299090,-0.032909,-0.953657,6.687057,-0.741778,0.349181,1.201828,2.210827,-0.296878,0.307856,0.306135,2.370699,-0.112705,0.300457,0.6639,-2.3596,2.1084,7.4902,
34,340,0.680000,0.272800,0.344702,0.982836,0.002103,-0.181134,-0.034913,-0.350746,-0.018385,-0.936290,7.284302,-0.732569,0.568985,1.123935,2.489740,-0.246434,0.339630,0.357909,1.993390,-0.057754,0.280984,1.0218,-3.5963,2.3571,7.8219,
35,350,0.700000,0.280800,0.335596,0.976992,-0.005917,-0.210203,-0.035595,-0.405401,-0.004846,-0.914126,7.684596,-0.721326,0.690697,1.030632,2.776112,-0.206952,0.374278,0.413810,1.940288,-0.027326,0.257658,1.5655,-5.3716,2.2962,8.8562,
36,360,0.720000,0.288800,0.325366,0.969509,-0.014777,-0.242029,-0.035443,-0.464460,0.009919,-0.885538,7.931007,-0.712054,0.676001,1.008508,3.007508,-0.167403,0.409235,0.474426,1.821071,-0.031000,0.252127,1.4707,-7.1121,2.3661,11.1077,
37,370,0.740000,0.296800,0.314472,0.960571,-0.025301,-0.274967,-0.032488,-0.523878,0.028876,-0.851304,8.034658,-0.689658,0.571680,1.039365,3.184167,-0.135005,0.444815,0.534047,1.368395,-0.057080,0.259841,1.0676,-8.3486,2.5384,12.8065,
38,380,0.760000,0.304800,0.303042,0.949696,-0.036568,-0.309726,-0.028447,-0.584362,0.049869,-0.809960,8.334146,-0.649214,0.432752,1.134023,3.230630,-0.111032,0.482004,0.590222,1.086751,-0.091812,0.283506,-0.0116,-9.2646,2.2721,13.8273,
39,390,0.780000,0.312800,0.291356,0.936591,-0.046077,-0.346335,-0.026946,-0.645116,0.067124,-0.761131,8.586934,-0.607622,0.243203,1.231225,3.106875,-0.084373,0.515606,0.629413,1.804946,-0.139199,0.307806,-2.9306,-8.8517,3.6268,15.2124,
40,400,0.800000,0.320800,0.280250,0.921346,-0.052848,-0.384021,-0.029260,-0.705054,0.074475,-0.705232,8.645017,-0.575550,0.148326,1.329724,2.831891,-0.050694,0.541255,0.640362,1.398827,-0.162919,0.332431,-4.7534,-8.5380,3.7027,15.9949,
41,410,0.820000,0.328800,0.268623,0.904466,-0.060219,-0.420931,-0.033638,-0.760245,0.080371,-0.644645,8.729788,-0.541173,0.123703,1.395279,2.629368,-0.027343,0.560466,0.641578,0.922320,-0.169074,0.348820,-5.4507,-7.6897,2.0460,14.1570,
42,420,0.840000,0.336800,0.255507,0.886351,-0.061407,-0.457078,-0.041112,-0.810821,0.074561,-0.580526,8.654475,-0.528461,0.226218,1.458630,2.361546,-0.008667,0.560549,0.638881,0.205990,-0.143446,0.364658,-5.1212,-3.3091,0.7865,15.3369,
43,430,0.860000,0.344800,0.239289,0.868138,-0.032802,-0.494226,-0.031632,-0.855508,0.029325,-0.516959,8.615454,-0.459623,0.530892,1.305445,2.261176,-0.010507,0.478852,0.631531,-0.135594,-0.067277,0.326361,-3.7848,3.2338,-0.4922,29.6921,
44,440,0.880000,0.352800,0.222607,0.844895,0.002022,-0.534449,-0.022627,-0.898859,-0.023224,-0.437623,8.348498,-0.293129,0.841474,0.994809,2.280748,0.003512,0.405825,0.620769,0.828617,0.010369,0.248702,-3.3666,2.1635,-0.6599,32.2066,
45,450,0.900000,0.360800,0.204563,0.818673,0.045545,-0.571780,-0.027693,-0.931041,-0.099080,-0.351207,7.880877,-0.049931,1.005527,0.688938,2.273873,0.031462,0.356879,0.612685,1.258001,0.051382,0.172234,-2.5198,0.0172,-0.6425,26.1978,
46,460,0.920000,0.368800,0.184610,0.789729,0.101508,-0.603370,-0.044367,-0.943351,-0.204853,-0.261007,8.199582,0.235906,1.036667,0.521216,2.091104,0.063316,0.313979,0.606251,1.121570,0.059167,0.130304,-2.0404,-1.0889,-0.3184,19.9758,
47,470,0.940000,0.376800,0.163775,0.755340,0.161204,-0.632696,-0.056308,-0.938053,-0.307996,-0.158732,8.530799,0.541313,1.070521,0.613503,1.638705,0.085602,0.267209,0.589840,0.522749,0.067630,0.153376,-1.5772,-0.8000,-0.4321,17.9020,
48,480,0.960000,0.384800,0.144661,0.716030,0.209930,-0.663592,-0.053622,-0.929311,-0.367125,-0.040001,8.749167,0.809456,0.870695,0.966656,0.755204,0.099765,0.223336,0.552102,0.660557,0.017674,0.241664,-1.9549,-0.1261,-1.6708,15.1599,
49,490,0.980000,0.392800,0.143151,0.697844,0.256896,-0.663349,-0.083589,-0.889134,-0.457531,0.010309,7.917296,0.878635,0.680036,1.190188,-0.130429,0.145258,0.192970,0.481950,3.051093,-0.029991,0.297547,-8.4042,4.5279,-3.2470,22.0000,
50,500,1.000000,0.400800,0.156795,0.686118,0.280721,-0.662062,-0.110055,-0.847410,-0.530022,0.031187,6.398807,0.813939,0.876348,1.166795,-0.724083,0.189824,0.168633,0.359260,1.826313,0.019087,0.291699,-9.3339,4.6439,-2.4272,22.0000,
51,510,1.020000,0.408800,0.176436,0.673143,0.272619,-0.679540,-0.103836,-0.856926,-0.510879,0.068422,5.548472,0.718201,0.787215,0.955334,-1.223207,0.214849,0.156068,0.228932,1.183140,-0.003196,0.238833,-7.6476,5.5452,-3.8500,22.0000,
52,520,1.040000,0.416800,0.197597,0.658997,0.259241,-0.701777,-0.077629,-0.882562,-0.455970,0.114784,4.854591,0.615055,0.100767,0.507159,-1.512882,0.224785,0.123610,0.106207,0.314385,-0.174808,0.126790,-7.3110,6.5944,-4.7540,14.9315,
53,530,1.060000,0.424800,0.216079,0.643391,0.250675,-0.722586,-0.032858,-0.910865,-0.377959,0.165748,5.001683,0.547827,-0.235716,0.147936,-1.753795,0.207729,0.072853,-0.001037,-1.614191,-0.258929,0.036984,-9.0548,5.2671,-4.5816,9.0548,
54,540,1.080000,0.432800,0.229053,0.629231,0.240812,-0.738700,0.020007,-0.937358,-0.282104,0.204396,4.764961,0.663155,-0.032992,0.126791,-1.965813,0.156995,0.034403,-0.095090,-2.728017,-0.208248,0.031698,-8.3857,2.6806,-4.3649,12.4953,
55,550,1.100000,0.440800,0.239133,0.617351,0.247911,-0.744535,0.055539,-0.946608,-0.226483,0.229431,4.929134,0.810844,0.188156,0.240344,-2.152696,0.112873,-0.009895,-0.160016,-1.869650,-0.152961,0.060086,-6.8292,4.5102,-5.6004,9.5543,
56,560,1.120000,0.448800,0.247821,0.606948,0.271317,-0.743867,0.068287,-0.941050,-0.226406,0.251328,5.601349,0.861511,0.357416,0.387292,-2.240396,0.088792,-0.048663,-0.212560,-0.845869,-0.110646,0.096823,-5.9838,5.4969,-5.6758,11.8840,
57,570,1.140000,0.456800,0.254693,0.594479,0.300397,-0.742596,0.070050,-0.926663,-0.250857,0.279940,5.690326,0.832958,0.523189,0.541912,-2.273347,0.076430,-0.064074,-0.265921,-0.510685,-0.069203,0.135478,-4.8463,5.2245,-4.5404,10.8409,
58,580,1.160000,0.464800,0.258532,0.578629,0.329899,-0.742378,0.072323,-0.908681,-0.272779,0.316054,5.366954,0.761571,0.521301,0.548543,-2.249579,0.064063,-0.058738,-0.319808,-0.683891,-0.069675,0.137136,-2.9721,4.6731,-3.5034,9.9838,
59,590,1.180000,0.472800,0.258696,0.561141,0.356330,-0.742893,0.079119,-0.891802,-0.281745,0.353991,4.859976,0.651634,0.419812,0.425086,-2.173897,0.042049,-0.036792,-0.369501,-1.264286,-0.095047,0.106272,-1.4553,3.1448,-2.3564,10.0224,
60,600,1.200000,0.480800,0.256485,0.544586,0.378222,-0.742823,0.092670,-0.879904,-0.275269,0.387294,4.961520,0.567896,0.325127,0.249402,-2.176411,0.005920,-0.011244,-0.412971,-2.113378,-0.118718,0.062351,0.1411,1.7361,-1.1645,9.6618,
61,610,1.220000,0.488800,0.254588,0.533694,0.395276,-0.738676,0.115264,-0.879254,-0.253463,0.403323,4.974833,0.490979,0.254028,0.044271,-2.182095,-0.045786,0.009955,-0.450044,-2.886450,-0.136493,0.011068,2.1417,-0.1317,-0.5931,10.5238,
62,620,1.240000,0.496800,0.251274,0.531711,0.406677,-0.729976,0.137961,-0.887701,-0.231751,0.397842,4.756114,0.410741,0.254382,-0.037103,-2.124414,-0.107901,0.037797,-0.485784,-2.783539,-0.136404,-0.009276,3.3176,-3.0145,0.5684,12.4249,
63,630,1.260000,0.504800,0.245404,0.536689,0.410996,-0.720399,0.155153,-0.899803,-0.217864,0.378008,4.381992,0.349012,0.399835,0.019972,-2.006707,-0.167300,0.068963,-0.521063,-2.382427,-0.100041,0.004993,4.5005,-4.5111,1.7050,14.8638,
64,640,1.280000,0.512800,0.237349,0.544105,0.412693,-0.710923,0.167995,-0.911432,-0.210018,0.353815,4.550356,0.317281,0.643966,0.150722,-1.830710,-0.209801,0.093761,-0.543497,-1.298542,-0.039009,0.037680,5.2406,-4.1948,2.1132,17.8231,
65,650,1.300000,0.520800,0.228945,0.550213,0.414358,-0.702550,0.178876,-0.920583,-0.204941,0.332455,4.515593,0.331895,1.044924,0.252765,-1.610916,-0.218287,0.103476,-0.548584,0.515280,0.061231,0.063191,4.6054,-2.2735,2.6885,20.8554,
66,660,1.320000,0.528800,0.220802,0.554913,0.418798,-0.694044,0.187036,-0.926339,-0.205407,0.315759,4.328567,0.416449,1.606713,0.250213,-1.338033,-0.182480,0.104540,-0.533969,2.491286,0.201678,0.062553,3.5744,-1.1837,2.5788,22.0000,
67,670,1.340000,0.536800,0.213272,0.555891,0.422554,-0.687508,0.199412,-0.932040,-0.197757,0.303635,4.873559,0.603298,2.277985,0.125344,-1.067318,-0.107725,0.099530,-0.503463,4.200764,0.369496,0.031336,2.9809,-0.7713,2.7717,22.0000,
68,680,1.360000,0.544800,0.207747,0.548615,0.423149,-0.685190,0.224681,-0.940820,-0.162047,0.297654,5.659224,0.938246,3.043304,-0.209070,-1.042182,0.003799,0.083549,-0.463832,6.052476,0.560826,-0.052267,1.8922,-0.2541,2.9408,22.0000,
69,690,1.380000,0.552800,0.205149,0.533087,0.424276,-0.683936,0.260844,-0.949481,-0.103329,0.296325,6.513046,1.267708,3.471029,-0.827468,-0.890270,0.158827,0.055570,-0.423129,7.638013,0.667757,-0.206867,0.6029,-1.6498,2.7551,22.0000,
70,700,1.400000,0.560800,0.205745,0.520646,0.420660,-0.685253,0.287057,-0.955034,-0.046153,0.292883,7.101978,1.438235,3.934483,-1.264577,-0.726818,0.338702,0.038291,-0.403249,6.884703,0.783621,-0.316144,-0.4554,-6.6404,7.9553,22.0000,
71,710,1.420000,0.568800,0.214844,0.522999,0.430221,-0.687222,0.262882,-0.946265,-0.084066,0.312275,6.216145,1.381540,4.372756,-1.395078,-0.641872,0.498821,-0.010674,-0.409788,7.918340,0.893189,-0.348769,-3.3335,-4.5909,6.8387,29.9234,
72,720,1.440000,0.576800,0.226612,0.526035,0.443907,-0.686977,0.233014,-0.931060,-0.142290,0.335978,6.325612,1.061748,4.378817,-1.215783,-0.736573,0.653690,-0.073581,-0.389400,6.715786,0.894704,-0.303946,-2.8887,-3.7903,5.5316,35.4348,
73,730,1.460000,0.584800,0.236388,0.528994,0.449227,-0.687822,0.212749,-0.919760,-0.179688,0.348933,5.342567,0.764232,4.354989,-0.861502,-0.966498,0.761828,-0.111496,-0.367263,4.339437,0.888747,-0.215375,-2.5229,-4.5371,3.2095,36.0000,
74,740,1.480000,0.592800,0.243532,0.530000,0.444191,-0.692426,0.205769,-0.916771,-0.186377,0.353264,4.602988,0.579259,4.602988,-0.916288,-0.968879,0.825397,-0.101393,-0.349650,2.586849,0.950747,-0.229072,-1.9798,-4.7919,2.5559,36.0000,
75,750,1.500000,0.600800,0.250464,0.525589,0.432644,-0.702174,0.208631,-0.918670,-0.164323,0.359226,4.944205,0.453177,4.944205,-1.299879,-1.024791,0.864886,-0.081870,-0.351171,2.041213,1.036051,-0.324970,-0.4860,-5.7991,3.4485,36.0000,
76,760,1.520000,0.608800,0.256857,0.515880,0.416924,-0.717404,0.213010,-0.918170,-0.127725,0.375034,5.287971,0.478698,5.287971,-1.900965,-0.852254,0.896926,-0.061938,-0.365788,1.577152,1.121993,-0.475241,1.8080,-9.3431,4.3149,36.0000,
77,770,1.540000,0.616800,0.260625,0.507524,0.401813,-0.732194,0.211797,-0.913753,-0.099737,0.393838,5.762730,0.596092,5.762730,-2.470976,-0.523761,0.913549,-0.050969,-0.378673,0.296974,1.240682,-0.617744,5.8079,-12.9679,5.4572,36.0000,
78,780,1.560000,0.624800,0.263246,0.503634,0.393869,-0.740999,0.205284,-0.908766,-0.092246,0.406983,6.320823,0.714680,6.320823,-3.039139,-0.216356,0.915874,-0.067827,-0.381414,0.154699,1.380206,-0.759785,9.5122,-14.1688,6.1875,36.0000,
79,790,1.580000,0.632800,0.266813,0.499057,0.399616,-0.745384,0.188817,-0.896354,-0.114812,0.428215,6.649725,0.754151,6.649725,-3.396460,0.051939,0.937024,-0.125291,-0.365487,0.953094,1.462431,-0.849115,11.8658,-15.3652,6.0548,36.0000,
80,800,1.600000,0.640800,0.271165,0.491581,0.414542,-0.747395,0.167047,-0.875725,-0.153611,0.457721,7.002528,0.757554,6.488957,-3.369339,0.271142,0.969916,-0.190141,-0.307605,2.094696,1.422239,-0.842335,11.6334,-14.0234,5.3494,36.0000,
81,810,1.620000,0.648800,0.275702,0.483561,0.428901,-0.748611,0.147633,-0.852586,-0.190810,0.486506,7.107037,0.732581,6.002738,-3.142047,0.246008,1.015571,-0.251360,-0.241621,2.123789,1.300684,-0.785512,9.0144,-13.9216,4.8026,36.0000,
82,820,1.640000,0.656800,0.279875,0.478337,0.436772,-0.749580,0.136211,-0.837297,-0.211971,0.503986,6.781828,0.702179,5.785167,-3.004434,0.019717,1.058340,-0.293158,-0.190485,1.967325,1.246292,-0.751109,4.3193,-11.9652,5.8459,36.0000,
83,830,1.660000,0.664800,0.282920,0.475584,0.440210,-0.750600,0.128972,-0.828220,-0.224004,0.513686,6.383272,0.694822,5.846543,-3.040305,-0.350857,1.089629,-0.323034,-0.181817,1.324129,1.261636,-0.760076,2.7137,-10.8650,5.9134,36.0000,
84,840,1.680000,0.672800,0.284802,0.474519,0.440852,-0.751807,0.123565,-0.822861,-0.231878,0.518780,6.202986,0.724315,5.916609,-3.236794,-0.659740,1.110541,-0.346238,-0.195157,0.891578,1.279152,-0.809198,3.1955,-10.8672,3.8249,36.0000,
85,850,1.700000,0.680800,0.285660,0.474423,0.441638,-0.752450,0.117034,-0.817915,-0.241594,0.522156,6.260981,0.763493,5.763158,-3.444824,-0.850540,1.125436,-0.372417,-0.223668,0.629414,1.240789,-0.861206,3.6674,-11.1091,3.4642,36.0000,
86,860,1.720000,0.688800,0.285499,0.474726,0.446621,-0.750897,0.106387,-0.808989,-0.261918,0.526248,6.273526,0.776977,5.419602,-3.475917,-0.999502,1.132535,-0.397352,-0.231297,0.164362,1.154900,-0.868979,3.0011,-12.2269,0.7870,36.0000,
87,870,1.740000,0.696800,0.283845,0.476175,0.455030,-0.746724,0.092778,-0.796765,-0.291795,0.529171,6.021144,0.756197,5.007063,-3.229660,-1.171952,1.131089,-0.431541,-0.240141,-0.234414,1.051766,-0.807415,1.0660,-10.2632,0.6049,36.0000,
88,880,1.760000,0.704800,0.280231,0.479650,0.463615,-0.740703,0.079730,-0.785453,-0.323623,0.527572,5.523941,0.716599,4.529967,-2.812652,-1.386395,1.116737,-0.458298,-0.252614,-0.918698,0.932492,-0.703163,-0.5711,-8.6872,-0.0848,36.0000,
89,890,1.780000,0.712800,0.275015,0.484748,0.472181,-0.733051,0.068568,-0.776386,-0.354131,0.521359,4.814096,0.672215,3.980882,-2.336187,-1.576012,1.090074,-0.477840,-0.272303,-1.459068,0.795221,-0.584047,-2.5388,-5.4057,-0.7150,36.0000,
90,900,1.800000,0.720800,0.268265,0.491918,0.477834,-0.725153,0.062005,-0.772457,-0.378494,0.509953,4.428633,0.612645,3.440110,-1.801983,-1.760922,1.048072,-0.488550,-0.296849,-2.369661,0.660028,-0.450496,-4.0310,-2.5574,-0.9699,36.0000,
91,910,1.820000,0.728800,0.259167,0.502918,0.477574,-0.717684,0.062663,-0.780781,-0.389354,0.488656,4.653982,0.555269,2.981357,-1.328727,-1.927363,0.981949,-0.484878,-0.324708,-3.622136,0.545339,-0.332182,-4.2244,0.3491,-1.3552,28.8289,
92,920,1.840000,0.736800,0.247528,0.517287,0.472719,-0.710028,0.069363,-0.798311,-0.390639,0.458368,4.847064,0.516712,2.601194,-0.943714,-2.083524,0.889371,-0.467823,-0.353395,-4.846756,0.450299,-0.235929,-3.0508,2.5115,-1.7458,20.5317,
93,930,1.860000,0.744800,0.233103,0.531814,0.465239,-0.702930,0.081339,-0.821320,-0.381237,0.424373,4.969280,0.517673,2.358050,-0.679167,-2.193083,0.778080,-0.443154,-0.382984,-5.508204,0.389513,-0.169792,-1.5712,4.3453,-2.1037,21.5155,
94,940,1.880000,0.752800,0.217326,0.546276,0.460174,-0.694039,0.090175,-0.839944,-0.377225,0.390122,5.057050,0.548077,2.144719,-0.441004,-2.208565,0.669302,-0.419535,-0.408769,-4.980661,0.336180,-0.110251,-0.9227,5.8363,-2.4428,22.0000,
95,950,1.900000,0.760800,0.201667,0.559758,0.459904,-0.683071,0.092590,-0.849362,-0.386878,0.359041,5.078919,0.584735,1.890207,-0.180862,-2.185432,0.576107,-0.398013,-0.425449,-4.219453,0.272552,-0.045216,-0.8686,6.9684,-2.7258,22.0000,
96,960,1.920000,0.768800,0.187548,0.571379,0.461596,-0.672307,0.091972,-0.853062,-0.402298,0.332328,5.021236,0.624359,1.628393,0.073283,-2.173730,0.501140,-0.369157,-0.434819,-3.065041,0.207098,0.018321,-2.2601,7.2442,-2.7083,22.0000,
97,970,1.940000,0.776800,0.177708,0.579235,0.465921,-0.662843,0.089691,-0.851969,-0.418878,0.314149,4.950299,0.633519,1.354278,0.218874,-2.200489,0.451279,-0.336394,-0.439133,-1.984229,0.138569,0.054719,-4.3491,8.3585,-2.9854,22.0000,
98,980,1.960000,0.784800,0.171621,0.583807,0.474953,-0.652768,0.086501,-0.845316,-0.439400,0.303922,4.929698,0.584633,1.134156,0.288822,-2.210252,0.415608,-0.307285,-0.439734,-1.539172,0.083539,0.072205,-6.0024,8.8133,-3.3114,22.0000,
99,990,1.980000,0.792800,0.168241,0.584767,0.485937,-0.643616,0.087588,-0.838624,-0.454179,0.300717,4.952984,0.518607,0.909967,0.292965,-2.182505,0.380552,-0.277251,-0.439908,-1.779427,0.027492,0.073241,-6.2412,8.1760,-3.3773,22.0000,
100,1000,2.000000,0.800800,0.165846,0.584269,0.497771,-0.634131,0.093445,-0.834579,-0.462201,0.299746,5.082067,0.448903,0.643520,0.267284,-2.118828,0.335682,-0.240778,-0.440553,-2.316350,-0.039120,0.066821,-5.7712,6.6615,-3.1009,22.0000,
101,1010,2.020000,0.808800,0.163940,0.584057,0.509042,-0.624117,0.101155,-0.832492,-0.467415,0.297456,5.093096,0.370713,0.425151,0.256512,-2.030337,0.279990,-0.200281,-0.441993,-2.813877,-0.093712,0.064128,-5.3525,5.1115,-2.5622,20.7731,
102,1020,2.040000,0.816800,0.161800,0.585394,0.517980,-0.614012,0.109541,-0.832450,-0.471172,0.291588,4.988177,0.306296,0.278804,0.285809,-1.932471,0.212951,-0.156711,-0.444415,-3.602853,-0.130299,0.071452,-3.7956,3.2597,-1.7645,19.0505,
103,1030,2.060000,0.824800,0.158620,0.590610,0.522452,-0.603478,0.118486,-0.836427,-0.473491,0.276037,4.770923,0.271050,0.216308,0.386268,-1.811803,0.132608,-0.106177,-0.448705,-3.815250,-0.145923,0.096567,-2.1643,1.7044,-0.8037,17.4505,
104,1040,2.080000,0.832800,0.155867,0.596738,0.522523,-0.595913,0.125548,-0.841897,-0.474014,0.257917,4.504356,0.284268,0.260570,0.499637,-1.675962,0.058468,-0.058442,-0.451389,-3.369445,-0.134858,0.124909,-1.0776,1.4154,0.0621,15.9470,
105,1050,2.100000,0.840800,0.153884,0.600500,0.520708,-0.592291,0.132112,-0.848155,-0.469773,0.244841,4.251640,0.364916,0.417473,0.544880,-1.565291,0.003262,-0.017859,-0.451010,-2.337544,-0.095632,0.136220,-0.6373,1.4862,0.8730,15.1460,
106,1060,2.120000,0.848800,0.153050,0.599920,0.518753,-0.593154,0.138419,-0.854369,-0.460014,0.241744,4.731688,0.534044,0.692362,0.527491,-1.609115,-0.022674,0.016276,-0.443920,-0.837548,-0.026909,0.131873,-0.9324,1.2434,1.1553,15.4042,
107,1070,2.140000,0.856800,0.153657,0.593553,0.518201,-0.598969,0.142821,-0.858291,-0.446313,0.253262,5.283240,0.797722,1.087048,0.511716,-1.943329,-0.007365,0.043329,-0.433361,1.029843,0.071762,0.127929,-2.1311,0.7913,0.5720,17.4413,
108,1080,2.160000,0.864800,0.157852,0.585879,0.523657,-0.603344,0.136033,-0.850464,-0.448878,0.274262,5.751383,0.970413,1.312383,0.430952,-2.240535,0.064774,0.053077,-0.420294,4.281879,0.128096,0.107738,-6.2132,2.1405,-2.4201,23.1170,
109,1090,2.180000,0.872800,0.165339,0.576082,0.539592,-0.602292,0.119226,-0.825657,-0.474746,0.304808,5.914136,0.980842,1.335042,0.343340,-2.434222,0.178512,0.029861,-0.413510,5.659662,0.133761,0.085835,-10.0020,4.7563,-4.5923,30.9583,
110,1100,2.200000,0.880800,0.173479,0.567779,0.560578,-0.595262,0.095098,-0.786538,-0.518916,0.334791,5.377084,0.855992,1.343105,0.185829,-2.370564,0.283351,-0.008638,-0.415447,4.617981,0.135776,0.046457,-11.4147,5.2934,-5.1623,28.1340,
111,1110,2.220000,0.888800,0.180276,0.563609,0.575492,-0.587556,0.077018,-0.753751,-0.555180,0.351618,4.714976,0.698675,1.371738,0.234968,-2.235077,0.336292,-0.030551,-0.430535,1.432782,0.142935,0.058742,-8.1646,3.4146,-3.7220,19.5340,
112,1120,2.240000,0.896800,0.184656,0.560264,0.581757,-0.584358,0.078660,-0.746100,-0.560638,0.359195,4.793527,0.527625,1.297700,0.473801,-2.081652,0.325878,-0.026754,-0.456498,-1.307613,0.124425,0.118450,-3.5269,1.7178,-1.3086,15.5538,
113,1130,2.260000,0.904800,0.186901,0.556989,0.576851,-0.589094,0.099871,-0.768900,-0.528506,0.359826,4.776405,0.407578,1.156552,0.596127,-1.994177,0.267369,0.004996,-0.480235,-3.203941,0.089138,0.149032,0.5176,0.6435,-0.2037,14.8572,
114,1140,2.280000,0.912800,0.186845,0.555486,0.566112,-0.595930,0.125776,-0.801682,-0.483018,0.352136,4.771091,0.394776,1.054188,0.576738,-2.036843,0.193916,0.046239,-0.491888,-3.316000,0.063547,0.144184,1.8307,0.4060,0.2016,15.1096,
115,1150,2.300000,0.920800,0.185274,0.555014,0.556040,-0.601009,0.146857,-0.828348,-0.443871,0.341787,4.817179,0.476931,1.043380,0.462979,-2.099803,0.135933,0.074713,-0.497481,-2.262498,0.060845,0.115745,1.2222,0.4539,-0.1221,17.0467,
116,1160,2.320000,0.928800,0.183138,0.555297,0.549744,-0.603294,0.159574,-0.844241,-0.419814,0.333188,4.712387,0.586445,1.085418,0.358133,-2.133305,0.109062,0.086218,-0.499893,-0.789219,0.071354,0.089533,-0.2627,0.4195,-0.5883,20.3541,
117,1170,2.340000,0.936800,0.181241,0.556231,0.545654,-0.604415,0.165988,-0.852781,-0.407457,0.326717,4.646981,0.687936,1.207205,0.352225,-2.172340,0.113084,0.088297,-0.501230,0.657748,0.101801,0.088056,-2.2385,0.0103,-0.8747,22.0000,
118,1180,2.360000,0.944800,0.180262,0.557239,0.543179,-0.605138,0.168075,-0.856622,-0.402462,0.322836,4.874376,0.766537,1.418642,0.425720,-2.266679,0.144809,0.084740,-0.501098,1.881602,0.154661,0.106430,-4.1126,0.4238,-1.2501,22.0000,
119,1190,2.380000,0.952800,0.180224,0.558366,0.544062,-0.604175,0.164914,-0.854381,-0.407763,0.322120,5.055396,0.810876,1.611379,0.474269,-2.352348,0.200009,0.073932,-0.498174,2.871231,0.202845,0.118567,-5.6673,1.8340,-2.1479,22.0000,
120,1200,2.400000,0.960800,0.180844,0.559571,0.547927,-0.601494,0.157675,-0.846634,-0.422262,0.323891,5.089376,0.811017,1.714156,0.462798,-2.345187,0.268166,0.058042,-0.494837,3.254719,0.228539,0.115700,-6.8417,2.8980,-2.8773,22.0000,
121,1210,2.420000,0.968800,0.181680,0.560577,0.551907,-0.598709,0.150665,-0.838170,-0.437287,0.325961,4.938301,0.776648,1.718629,0.458993,-2.291931,0.330467,0.044067,-0.493717,2.737058,0.229657,0.114748,-7.1634,2.9225,-2.7816,22.0000,
122,1220,2.440000,0.976800,0.182351,0.561191,0.552818,-0.597883,0.148300,-0.835058,-0.443027,0.326198,4.665962,0.717303,1.667198,0.494834,-2.235693,0.371719,0.039956,-0.494373,1.626888,0.216800,0.123708,-6.7022,2.3371,-2.2760,22.0000,
123,1230,2.460000,0.984800,0.182445,0.561526,0.549879,-0.599307,0.152159,-0.839673,-0.436261,0.323459,4.453940,0.658143,1.605410,0.524975,-2.190593,0.387558,0.044869,-0.496920,0.377374,0.201352,0.131244,-5.6888,1.8488,-1.7050,21.8665,
124,1240,2.480000,0.992800,0.181820,0.561851,0.543284,-0.602623,0.161282,-0.851131,-0.418170,0.317348,4.481165,0.631950,1.555292,0.512992,-2.182824,0.382563,0.056819,-0.499687,-0.514760,0.188823,0.128248,-4.6642,1.3254,-1.2868,21.1395,end
