step,time,z,tau_max,dof_err
1,0.0200,0.4159,3.1,0.7228
2,0.0400,0.4160,3.6,0.7381
3,0.0600,0.4160,12.5,0.7300
4,0.0800,0.4167,6.0,0.6879
5,0.1000,0.4173,10.5,0.6781
6,0.1200,0.4155,10.5,0.7629
7,0.1400,0.4175,20.1,0.7992
8,0.1600,0.4180,36.0,0.7919
9,0.1800,0.4189,36.0,0.7301
10,0.2000,0.4226,17.3,0.9615
11,0.2200,0.4302,20.2,1.1962
12,0.2400,0.4414,26.6,1.2918
13,0.2600,0.4483,13.8,1.3293
14,0.2800,0.4492,24.2,1.4084
15,0.3000,0.4445,36.0,1.3642
16,0.3200,0.4363,36.0,1.3984
17,0.3400,0.4355,36.0,1.3368
18,0.3600,0.4403,36.0,1.2104
19,0.3800,0.4442,36.0,1.1446
20,0.4000,0.4454,36.0,1.0890
21,0.4200,0.4432,36.0,1.0898
22,0.4400,0.4395,36.0,1.1271
23,0.4600,0.4320,36.0,1.4091
24,0.4800,0.4199,36.0,1.7297
25,0.5000,0.3978,36.0,1.9298
26,0.5200,0.3688,36.0,2.6453
27,0.5400,0.3502,36.0,2.9718
28,0.5600,0.3402,36.0,2.7949
29,0.5800,0.3260,36.0,2.4311
30,0.6000,0.3087,36.0,2.3373
31,0.6200,0.2879,36.0,2.4931
32,0.6400,0.2726,36.0,2.7518
33,0.6600,0.2671,36.0,2.8112
34,0.6800,0.2639,36.0,2.7134
35,0.7000,0.2663,36.0,2.4628
36,0.7200,0.2753,36.0,2.0640
37,0.7400,0.2900,36.0,1.5600
38,0.7600,0.3101,36.0,1.2131
39,0.7800,0.3263,36.0,1.1361
40,0.8000,0.3302,36.0,1.1557
41,0.8200,0.3250,36.0,1.3244
42,0.8400,0.3174,36.0,1.7366
43,0.8600,0.3197,36.0,1.9289
44,0.8800,0.3226,36.0,1.9234
45,0.9000,0.3168,36.0,2.3947
46,0.9200,0.3071,36.0,3.1000
47,0.9400,0.2810,36.0,3.4960
48,0.9600,0.2466,36.0,3.9333
49,0.9800,0.2253,36.0,4.0134
50,1.0000,0.2176,36.0,3.9572
51,1.0200,0.2344,36.0,3.9200
52,1.0400,0.2569,36.0,3.8787
53,1.0600,0.2721,36.0,3.8487
54,1.0800,0.2827,36.0,3.6068
55,1.1000,0.2772,36.0,3.0905
56,1.1200,0.2859,36.0,2.4978
57,1.1400,0.2911,36.0,1.9588
58,1.1600,0.2854,36.0,1.6016
59,1.1800,0.2810,36.0,1.3184
60,1.2000,0.2818,36.0,1.3380
61,1.2200,0.2930,36.0,1.6774
62,1.2400,0.3274,36.0,2.1909
63,1.2600,0.3605,36.0,2.1978
64,1.2800,0.3677,36.0,2.1333
65,1.3000,0.3602,36.0,2.2523
66,1.3200,0.3482,36.0,2.2801
67,1.3400,0.3408,36.0,2.3273
68,1.3600,0.3413,36.0,2.3682
69,1.3800,0.3485,36.0,2.3075
70,1.4000,0.3572,36.0,2.0776
71,1.4200,0.3735,36.0,1.6786
72,1.4400,0.3923,36.0,1.5567
73,1.4600,0.4142,36.0,1.5863
74,1.4800,0.4412,36.0,1.5855
75,1.5000,0.4688,36.0,1.5762
76,1.5200,0.4982,36.0,1.6341
77,1.5400,0.5274,36.0,1.7871
78,1.5600,0.5562,26.0,1.7541
79,1.5800,0.5703,24.5,2.0344
80,1.6000,0.5793,36.0,2.2784
81,1.6200,0.5850,36.0,2.1131
82,1.6400,0.5813,35.9,1.7388
83,1.6600,0.5752,24.8,1.2942
84,1.6800,0.5697,36.0,1.0306
85,1.7000,0.5532,36.0,1.0873
86,1.7200,0.5360,33.3,1.1135
87,1.7400,0.5101,36.0,1.1564
88,1.7600,0.4763,36.0,1.1571
89,1.7800,0.4723,36.0,1.2085
90,1.8000,0.4847,36.0,1.1669
91,1.8200,0.5003,36.0,1.6216
92,1.8400,0.5125,26.3,1.9977
93,1.8600,0.5213,36.0,2.1204
94,1.8800,0.5263,36.0,2.1048
95,1.9000,0.5323,36.0,1.9073
96,1.9200,0.5330,36.0,1.5442
97,1.9400,0.5166,36.0,1.2390
98,1.9600,0.4908,36.0,1.3432
99,1.9800,0.4554,36.0,1.6121
100,2.0000,0.4339,36.0,1.7962
101,2.0200,0.4326,36.0,1.7271
102,2.0400,0.4282,36.0,1.2381
103,2.0600,0.4080,36.0,1.0548
104,2.0800,0.3769,36.0,1.6015
105,2.1000,0.3278,36.0,1.8006
106,2.1200,0.2977,36.0,1.5276
107,2.1400,0.2954,36.0,1.4911
108,2.1600,0.2973,36.0,1.8715
109,2.1800,0.3010,36.0,2.2737
110,2.2000,0.3086,36.0,2.4784
111,2.2200,0.3156,36.0,2.4552
112,2.2400,0.3192,36.0,2.6888
113,2.2600,0.3285,36.0,2.7962
114,2.2800,0.3402,36.0,2.6424
115,2.3000,0.3586,36.0,2.4014
116,2.3200,0.3673,36.0,2.2033
117,2.3400,0.3700,36.0,2.0815
118,2.3600,0.3693,36.0,2.1159
119,2.3800,0.3727,34.2,2.1133
120,2.4000,0.3627,36.0,2.2894
121,2.4200,0.3535,36.0,2.3451
122,2.4400,0.3556,36.0,2.0987
123,2.4600,0.3522,36.0,2.1258
124,2.4800,0.3438,36.0,2.5335
125,2.5000,0.3366,22.5,2.7202
126,2.5200,0.3399,36.0,2.7707
127,2.5400,0.3595,36.0,2.9136
128,2.5600,0.3719,36.0,3.1261
129,2.5800,0.3598,36.0,3.1017
130,2.6000,0.3323,36.0,3.0680
131,2.6200,0.3136,36.0,3.0273
132,2.6400,0.2955,36.0,2.8105
133,2.6600,0.2831,36.0,2.4647
134,2.6800,0.2687,36.0,1.9615
135,2.7000,0.2713,36.0,1.7156
136,2.7200,0.2746,30.0,1.6041
137,2.7400,0.2852,36.0,1.5428
138,2.7600,0.3038,36.0,1.7161
139,2.7800,0.3090,36.0,1.9826
140,2.8000,0.3139,36.0,2.4986
141,2.8200,0.3230,36.0,3.2428
142,2.8400,0.3386,36.0,3.3318
143,2.8600,0.3563,36.0,3.2246
144,2.8800,0.3735,36.0,3.0600
145,2.9000,0.3836,36.0,2.9646
146,2.9200,0.3768,36.0,2.7505
147,2.9400,0.3663,36.0,2.6155
148,2.9600,0.3626,36.0,2.2925
149,2.9800,0.3515,36.0,1.9548
150,3.0000,0.3539,36.0,1.6723
151,3.0200,0.3559,36.0,1.3925
152,3.0400,0.3510,30.1,1.1320
153,3.0600,0.3380,36.0,1.3205
154,3.0800,0.3304,36.0,1.6558
155,3.1000,0.3287,36.0,1.9345
156,3.1200,0.3246,36.0,2.2177
157,3.1400,0.3269,36.0,2.6323
158,3.1600,0.3343,36.0,2.5621
159,3.1800,0.3359,36.0,2.4889
160,3.2000,0.3224,36.0,2.5396
161,3.2200,0.2956,36.0,2.5950
162,3.2400,0.2574,36.0,2.8499
163,3.2600,0.2222,36.0,2.8880
164,3.2800,0.1941,36.0,2.5459
165,3.3000,0.1738,36.0,2.1368
166,3.3200,0.1692,36.0,2.0351
167,3.3400,0.1775,36.0,1.7483
168,3.3600,0.1831,36.0,1.2503
169,3.3800,0.1983,36.0,1.2362
170,3.4000,0.2213,36.0,1.5625
171,3.4200,0.2535,36.0,2.1883
172,3.4400,0.2671,36.0,2.9572
173,3.4600,0.2870,36.0,3.3870
174,3.4800,0.3319,36.0,3.3368
175,3.5000,0.3739,36.0,3.2133
176,3.5200,0.3868,36.0,3.1214
177,3.5400,0.3849,36.0,3.1031
