step,time,phase,motion_time,ref_root_z,actual_root_z,ref_root_vz,actual_root_vz,ref_yaw,actual_yaw,yaw_error_deg,ref_yaw_rate,actual_yaw_rate,left_contact,right_contact,action_max_abs,action_mean,target_knee_L,target_hip_pitch_L,target_ankle_pitch_L,actual_knee_L,actual_hip_pitch_L,actual_ankle_pitch_L,torque_knee_L,torque_hip_pitch_L,torque_ankle_pitch_L,root_pos_x,root_pos_y,root_pos_z,root_quat_w,root_quat_x,root_quat_y,root_quat_z,torque_max,torque_sat_ratio
0,0.0000,0.005618,0.0000,0.420355,0.420000,0.017953,0.000000,-0.004316,0.000000,-0.2473,-0.215570,0.000000,1,1,0.807068,-0.069091,0.475441,-0.269943,-0.162535,0.500000,-0.200000,-0.200000,-2.2543,-1.1293,3.9231,0.000000,0.000000,0.420000,1.000000,0.000000,0.000000,0.000000,3.9231,0.0000
1,0.0200,0.011236,0.0200,0.420718,0.421297,0.016168,0.107581,-0.006283,-0.000932,-0.3066,-0.100280,-0.091174,1,1,2.425690,-0.328873,0.224894,-0.343567,-0.570749,0.514658,-0.209119,-0.245138,-8.1006,-2.2733,-4.4758,-0.000980,-0.000035,0.421297,0.999998,0.000321,0.001987,-0.000467,8.1006,0.0000
2,0.0400,0.016854,0.0400,0.421002,0.423682,0.011306,0.125365,-0.005904,-0.002622,-0.1881,0.014955,-0.049715,1,1,3.310251,-0.553358,-0.010319,-0.730001,-0.633704,0.510574,-0.226526,-0.278306,-12.1775,-12.2360,-6.1078,-0.004271,-0.000470,0.423682,0.999952,0.000590,0.009661,-0.001317,12.2360,0.0000
3,0.0600,0.022472,0.0600,0.421170,0.426609,0.009455,0.164736,-0.003408,0.004245,-0.4385,0.121539,0.624395,1,1,4.263644,-0.088894,-0.565911,-0.371508,-0.879820,0.477575,-0.254795,-0.294583,-16.0580,-7.8325,-12.3537,-0.009929,-0.000504,0.426609,0.999706,0.002637,0.024003,0.002057,16.0580,0.0000
4,0.0800,0.028090,0.0800,0.421380,0.432078,0.012313,0.370703,-0.001592,-0.019293,1.0142,0.087950,-2.672305,1,1,4.096560,0.141757,0.170193,0.483827,0.439403,0.331325,-0.216716,-0.290734,11.2244,9.5596,4.3293,-0.015907,0.002350,0.432078,0.998937,0.007806,0.044323,-0.009965,18.9551,0.0000
5,0.1000,0.033708,0.1000,0.421663,0.439176,0.013594,0.286306,-0.000457,-0.058310,3.3147,0.054328,-1.174046,0,1,5.258264,0.663178,0.597946,0.456543,1.114566,0.164810,-0.105789,-0.147432,12.5124,6.8115,3.9919,-0.014876,0.008996,0.439176,0.998059,0.015151,0.052523,-0.029829,22.0000,0.0455
6,0.1200,0.039326,0.1200,0.421924,0.442301,0.014721,0.088415,0.000471,-0.052127,3.0136,0.044090,1.453019,0,0,7.990397,0.772831,1.685006,-0.761034,0.110729,0.155042,-0.000105,0.164310,4.7781,-6.5430,-4.5318,-0.006303,0.016401,0.442301,0.998903,-0.002417,0.038935,-0.025907,36.0000,0.0455
7,0.1400,0.044944,0.1400,0.422252,0.441669,0.017050,-0.138510,0.001203,-0.021116,1.2787,0.034244,1.493110,0,0,6.464057,0.271462,1.803136,-1.316157,0.458059,0.536514,-0.138515,0.247157,-7.1106,-7.9817,0.6621,-0.007147,0.020206,0.441669,0.998872,-0.017724,0.042953,-0.009768,36.0000,0.0909
8,0.1600,0.050562,0.1600,0.422606,0.433620,0.015119,-0.534433,0.001739,-0.002885,0.2649,0.024402,-0.457632,0,0,7.444215,-0.214358,-0.557991,0.594649,0.039603,0.999675,-0.411627,0.295736,-36.0000,24.2148,-6.7654,-0.022867,0.020334,0.433620,0.996467,0.030835,0.078028,-0.003844,36.0000,0.1818
9,0.1800,0.056180,0.1800,0.422856,0.425232,0.015023,-0.149199,0.002651,-0.058584,3.5085,0.043736,-7.821372,0,1,7.920202,0.419319,0.839774,0.464913,0.753433,1.013655,-0.388881,0.326022,10.5125,3.1554,2.7092,-0.031541,0.021106,0.425232,0.987622,0.117345,0.095902,-0.040445,36.0000,0.0909
10,0.2000,0.061798,0.2000,0.423207,0.426606,0.020252,0.098687,0.003002,-0.153153,8.9470,0.015929,-2.016638,0,1,10.433752,1.955699,-0.121985,2.252934,2.408438,0.847941,-0.160875,0.408115,4.6757,24.5240,22.0000,-0.020693,0.027377,0.426606,0.982559,0.148530,0.070111,-0.087183,36.0000,0.2273
11,0.2200,0.067416,0.2200,0.423667,0.427759,0.020507,0.019517,0.002792,-0.205826,11.9529,-0.011868,-1.945119,0,0,11.284418,1.998885,-0.841424,2.358287,1.684295,0.519198,0.299499,0.518474,1.7365,7.0311,22.0000,0.003663,0.035409,0.427759,0.991314,0.072045,0.032492,-0.105118,25.6935,0.1364
12,0.2400,0.073034,0.2400,0.424027,0.426877,0.016376,-0.100986,0.003098,-0.191314,11.1390,0.014328,3.066046,0,0,13.503437,1.258088,3.875859,0.118271,2.746529,0.080981,0.864999,0.502631,36.0000,-36.0000,22.0000,0.039356,0.037450,0.426877,0.992465,-0.071316,-0.021852,-0.097209,36.0000,0.4545
13,0.2600,0.078652,0.2600,0.424322,0.420759,0.012198,-0.355349,0.001871,-0.115750,6.7392,-0.062071,4.040957,0,1,13.978747,1.456501,0.530956,-1.846861,2.855843,0.117183,1.060131,0.482638,-14.6577,-36.0000,22.0000,0.056006,0.038710,0.420759,0.994450,-0.062442,-0.058420,-0.061289,36.0000,0.2273
14,0.2800,0.084270,0.2800,0.424515,0.420628,0.004075,0.060180,-0.000887,-0.085284,4.8356,-0.138450,-1.027144,0,1,16.584351,-0.059104,-0.781904,-1.410477,1.907962,0.397899,0.898703,0.473288,-36.0000,-36.0000,22.0000,0.046933,0.037281,0.420628,0.997186,-0.054588,-0.026406,-0.044086,36.0000,0.3182
15,0.3000,0.089888,0.3000,0.424485,0.423573,-0.006264,0.209712,-0.006363,-0.238473,13.2989,-0.274540,-11.083171,0,0,13.886718,0.384717,-2.578761,1.165556,2.304484,0.456678,0.596326,0.471314,-29.9599,29.0432,22.0000,0.014651,0.026131,0.423573,0.981938,-0.133194,0.079175,-0.108575,36.0000,0.2273
16,0.3200,0.095506,0.3200,0.424264,0.425868,-0.021897,-0.065208,-0.012729,-0.540799,30.2562,-0.318853,-12.617947,0,0,16.701952,1.189401,-2.271188,2.385745,2.268856,-0.108357,0.449899,0.471261,-36.0000,36.0000,22.0000,-0.020877,0.024902,0.425868,0.932183,-0.207371,0.197444,-0.221469,36.0000,0.4545
17,0.3400,0.101124,0.3400,0.423609,0.421141,-0.049569,-0.305628,-0.019987,-0.707977,39.4189,-0.363091,-0.780659,0,0,16.047569,0.722346,1.116429,2.475113,2.049348,-0.242763,0.400937,0.463216,17.1695,36.0000,22.0000,-0.038925,0.029679,0.421141,0.886877,-0.268848,0.265491,-0.265864,36.0000,0.5000
18,0.3600,0.106742,0.3600,0.422282,0.408239,-0.056988,-0.872377,-0.028085,-0.622050,34.0317,-0.403317,6.311504,0,0,18.013344,0.137247,3.316714,0.338133,0.737444,-0.021818,0.527051,0.460278,23.1929,-7.1592,6.1525,-0.040794,0.032462,0.408239,0.897986,-0.260952,0.279442,-0.217800,36.0000,0.3636
19,0.3800,0.112360,0.3800,0.421329,0.390146,-0.029261,-0.758687,-0.038498,-0.433722,22.6447,-0.517730,-2.078576,0,0,16.177832,0.812205,2.283036,0.742563,2.247673,0.703588,0.567228,0.451740,-8.7908,-19.4103,22.0000,-0.041018,0.037204,0.390146,0.939787,-0.131019,0.272493,-0.159314,36.0000,0.4545
20,0.4000,0.117978,0.4000,0.421111,0.369688,-0.006363,-1.227251,-0.051229,-0.446578,22.6518,-0.631962,-4.591269,0,1,17.786146,0.704328,-1.644084,0.098815,1.258684,1.313284,0.789049,0.454704,-36.0000,-30.1132,15.8625,-0.044196,0.040456,0.369688,0.944778,-0.071448,0.263224,-0.181665,36.0000,0.2273
21,0.4200,0.123596,0.4200,0.421075,0.344756,-0.001523,-1.309268,-0.062176,-0.641594,33.1982,-0.544608,-5.466457,0,0,12.566333,1.499889,1.612034,-1.295542,2.941583,1.424070,0.909993,0.458220,-8.2237,-36.0000,22.0000,-0.054350,0.049139,0.344756,0.921185,-0.138688,0.254117,-0.260018,36.0000,0.2727
22,0.4400,0.129213,0.4400,0.421050,0.321356,-0.002134,-1.066506,-0.070267,-0.738408,38.2817,-0.404328,4.109296,0,0,15.575877,2.416516,-0.570236,3.693969,2.869475,1.546043,0.752269,0.460189,-36.0000,36.0000,22.0000,-0.070040,0.058248,0.321356,0.882156,-0.232281,0.317311,-0.259152,36.0000,0.5000
23,0.4600,0.134831,0.4600,0.420989,0.294786,-0.004590,-1.546092,-0.075503,-0.778364,40.2710,-0.264045,5.560509,0,0,22.396769,0.132126,6.099192,0.660752,3.012002,1.464913,0.792011,0.464546,36.0000,-8.4474,22.0000,-0.074436,0.059129,0.294786,0.818088,-0.381903,0.379142,-0.202814,36.0000,0.4091
24,0.4800,0.140449,0.4800,0.420867,0.264347,-0.007193,-1.149337,-0.079501,-0.757238,38.8315,-0.204136,-0.668717,0,1,18.455774,0.476510,5.113944,-0.121534,3.420774,1.572488,0.868587,0.462338,36.0000,-4.3265,22.0000,-0.074751,0.055817,0.264347,0.810718,-0.398940,0.390255,-0.176871,36.0000,0.3182
25,0.5000,0.146067,0.5000,0.420702,0.252998,-0.009167,-0.244731,-0.082931,-0.850063,43.9534,-0.177909,-7.110858,0,0,21.317642,0.508998,1.998312,-2.467529,1.192796,2.130318,0.628647,0.459553,-36.0000,-36.0000,14.6157,-0.090794,0.065988,0.252998,0.802691,-0.340694,0.457029,-0.175329,36.0000,0.3636
26,0.5200,0.151685,0.5200,0.420500,0.254548,-0.011121,0.151021,-0.085794,-1.101356,58.1874,-0.151660,-7.903373,0,0,16.859711,0.053651,-1.856155,1.483636,2.551180,2.493190,0.181840,0.460239,-36.0000,36.0000,22.0000,-0.107179,0.081264,0.254548,0.757244,-0.291085,0.549188,-0.200608,36.0000,0.4091
27,0.5400,0.157303,0.5400,0.420257,0.247795,-0.012292,-0.788404,-0.088146,-1.400281,75.1798,-0.129235,-5.563722,0,0,14.733469,0.828212,-1.195062,1.689494,3.137472,2.293488,-0.005153,0.464154,-36.0000,20.5792,22.0000,-0.114772,0.097256,0.247795,0.669065,-0.349227,0.583657,-0.299561,36.0000,0.4545
28,0.5600,0.162921,0.5600,0.420008,0.214789,-0.013709,-2.116270,-0.090673,-1.417946,76.0471,-0.139152,4.040976,0,0,15.362953,1.428253,-1.856685,-0.835674,2.619227,1.648887,0.270960,0.466748,-5.2635,-36.0000,22.0000,-0.113845,0.105930,0.214789,0.588485,-0.476677,0.529483,-0.382247,36.0000,0.5000
29,0.5800,0.168539,0.5800,0.419708,0.166444,-0.017962,-2.504358,-0.093385,-1.329200,70.8070,-0.149115,4.538226,0,0,18.746523,3.316797,2.038089,0.045732,3.429890,0.652159,0.633746,0.467758,36.0000,-13.4023,22.0000,-0.112975,0.107916,0.166444,0.486974,-0.618147,0.451853,-0.420214,36.0000,0.4545
30,0.6000,0.174157,0.6000,0.419290,0.115021,-0.018644,-2.617984,-0.089497,-1.246127,66.2700,0.177024,-1.009767,0,0,25.758947,2.772565,2.939970,-3.163371,5.385497,-0.064442,0.624216,0.463174,36.0000,-36.0000,22.0000,-0.112628,0.119380,0.115021,0.333565,-0.732810,0.403187,-0.434930,36.0000,0.4545
31,0.6200,0.179775,0.6200,0.418963,0.058294,-0.018913,-2.995970,-0.087557,-1.201248,63.8098,0.081964,-3.593142,0,0,27.186514,1.347197,-2.381432,-2.639124,6.596628,-0.061352,0.004459,0.458838,-36.0000,3.3480,22.0000,-0.113386,0.140278,0.058294,0.187802,-0.780722,0.365588,-0.470690,36.0000,0.6818
32,0.6400,0.185393,0.6400,0.418533,-0.009077,-0.033841,-3.520789,-0.087557,-1.240043,66.0326,-0.012815,-1.573358,0,0,22.055534,1.118475,-0.311210,-2.001315,5.313884,-0.013666,-0.845553,0.459988,-8.9654,22.7312,22.0000,-0.125326,0.170534,-0.009077,0.072718,-0.765839,0.295289,-0.566575,36.0000,0.6818
