step,mode,root_z,root_vz,root_roll,root_pitch,root_yaw,root_ang_vel_z,left_foot_force_z,right_foot_force_z,total_contact_force_z,left_foot_height,right_foot_height,left_in_contact,right_in_contact,action_knee_L,action_knee_R,target_knee_L,target_knee_R,dof_pos_knee_L,dof_pos_knee_R,dof_vel_knee_L,dof_vel_knee_R,torque_knee_L,torque_knee_R,torque_ratio_knee_L,torque_ratio_knee_R,action_hip_L,action_hip_R,target_hip_L,target_hip_R,dof_pos_hip_L,dof_pos_hip_R,torque_hip_L,torque_hip_R,torque_ratio_hip_L,torque_ratio_hip_R,action_ankle_L,action_ankle_R,target_ankle_L,target_ankle_R,dof_pos_ankle_L,dof_pos_ankle_R,torque_ankle_L,torque_ankle_R,torque_ratio_ankle_L,torque_ratio_ankle_R,projected_gravity_x,projected_gravity_y,reset_buf
0,A:stabilize,0.026690080761909485,1.0179638862609863,0.004167982842773199,-0.004899939056485891,-0.0004305511829443276,0.14332278072834015,65.409423828125,23.60611915588379,89.01554298400879,-0.3514941930770874,-0.3522440791130066,1,1,0.0,0.0,0.5,0.5,0.0035105408169329166,0.003990845289081335,-0.8958537578582764,-1.461515188217163,16.37914276123047,17.402263641357422,0.4549761878119575,0.4833962122599284,0.0,0.0,-0.20000000298023224,-0.20000000298023224,0.0024299733340740204,0.0020444958936423063,-9.255446434020996,-9.85018539428711,0.257095734278361,0.2736162609524197,0.0,0.0,-0.20000000298023224,-0.20000000298023224,-0.0031518482137471437,-0.0029153001960366964,-4.1831841468811035,-4.825406074523926,0.19014473394914108,0.21933663975108753,-0.004899919498711824,-0.004167920909821987,0
1,A:stabilize,0.04796283692121506,1.013440489768982,0.0049730390310287476,-0.006505975499749184,-0.0009307197178713977,0.1572892814874649,81.14811706542969,29.922412872314453,111.07052993774414,-0.33019834756851196,-0.33110490441322327,1,1,0.0,0.0,0.5,0.5,0.00611678883433342,0.007318311370909214,-0.9274386167526245,-1.4452399015426636,16.18696403503418,16.961746215820312,0.44963788986206055,0.4711596171061198,0.0,0.0,-0.20000000298023224,-0.20000000298023224,0.0021932190284132957,0.0013216260122135282,-8.473405838012695,-8.90516471862793,0.23537238438924155,0.2473656866285536,0.0,0.0,-0.20000000298023224,-0.20000000298023224,-0.006060998421162367,-0.006163903512060642,-4.2620954513549805,-4.6817216873168945,0.19373161142522638,0.21280553124167703,-0.00650592939928174,-0.0049729123711586,0
2,A:stabilize,0.06921868026256561,1.0173957347869873,0.005711419507861137,-0.005422407295554876,-0.0015224604867398739,0.1291676163673401,72.69598388671875,24.746150970458984,97.44213485717773,-0.30892089009284973,-0.3099682033061981,1,1,0.0,0.0,0.5,0.5,0.00814110692590475,0.009986349381506443,-0.9156538248062134,-1.4698610305786133,16.231565475463867,16.95657730102539,0.4508768187628852,0.4710160361395942,0.0,0.0,-0.20000000298023224,-0.20000000298023224,-0.00031568005215376616,-0.0017475365893915296,-8.43222427368164,-8.799419403076172,0.23422845204671225,0.24442831675211588,0.0,0.0,-0.20000000298023224,-0.20000000298023224,-0.009027315303683281,-0.009008019231259823,-4.179989814758301,-4.753023147583008,0.18999953703446823,0.21604650670831854,-0.0054223807528615,-0.005711303558200598,0
3,A:stabilize,0.0906594768166542,1.0538630485534668,0.006363877560943365,0.0042666178196668625,-0.0001054859021678567,0.2280997484922409,44.64440155029297,15.280536651611328,59.9249382019043,-0.28765416145324707,-0.28879183530807495,1,1,0.0,0.0,0.5,0.5,0.02417241968214512,0.02444671280682087,1.2644658088684082,0.41340696811676025,13.790908813476562,14.694782257080078,0.38308080037434894,0.4081883960300022,0.0,0.0,-0.20000000298023224,-0.20000000298023224,-0.025716552510857582,-0.025814777240157127,-4.477489948272705,-4.878561973571777,0.12437472078535292,0.1355156103769938,0.0,0.0,-0.20000000298023224,-0.20000000298023224,-0.013228245079517365,-0.012081912718713284,-3.6772754192352295,-4.535305976867676,0.16714888269251044,0.20615027167580344,0.004266604781150818,-0.006363776512444019,0
4,A:stabilize,0.1125999242067337,1.0734739303588867,0.0064390371553599834,0.03651762381196022,0.001202448969706893,-0.0010835989378392696,8.970653533935547,0.0,8.970653533935547,-0.2661347985267639,-0.2672595977783203,1,0,0.0,0.0,0.5,0.5,0.0740150734782219,0.07256561517715454,2.6146256923675537,2.3279895782470703,9.62438678741455,9.851953506469727,0.26734407742818195,0.2736653751797146,0.0,0.0,-0.20000000298023224,-0.20000000298023224,-0.10823243111371994,-0.10750751942396164,3.146209239959717,3.178224563598633,0.08739470110999213,0.08828401565551758,0.0,0.0,-0.20000000298023224,-0.20000000298023224,-0.0205259770154953,-0.01647498644888401,-4.320567607879639,-4.654194355010986,0.19638943672180176,0.21155428886413574,0.03650950640439987,-0.006434698589146137,0
5,A:stabilize,0.13396961987018585,1.0412440299987793,0.006037910934537649,0.06037699058651924,0.0017636610427871346,-0.014767159707844257,0.0,0.938313901424408,0.938313901424408,-0.24478669464588165,-0.24585400521755219,0,0,0.0,0.0,0.5,0.5,0.12108828127384186,0.11934028565883636,1.9558794498443604,1.7702986001968384,8.627172470092773,8.965180397033691,0.23964367972479927,0.24903278880649143,0.0,0.0,-0.20000000298023224,-0.20000000298023224,-0.17951932549476624,-0.17863216996192932,3.8303802013397217,3.782473087310791,0.10639945003721449,0.1050686968697442,0.0,0.0,-0.20000000298023224,-0.20000000298023224,-0.023861927911639214,-0.020287033170461655,-4.0427703857421875,-4.489494323730469,0.18376229026100852,0.2040679238059304,0.060340315103530884,-0.006026872433722019,0
6,A:stabilize,0.15476687252521515,1.017887830734253,0.0052212439477443695,0.06976372003555298,0.0019585450645536184,-0.05338560417294502,9.542834281921387,9.534558296203613,19.077392578125,-0.22379612922668457,-0.22472359240055084,1,1,0.0,0.0,0.5,0.5,0.158604234457016,0.1569007784128189,1.388015866279602,1.171194314956665,8.149396896362305,8.75500202178955,0.226372136010064,0.2431945006052653,0.0,0.0,-0.20000000298023224,-0.20000000298023224,-0.2252274602651596,-0.2243236005306244,3.364694595336914,3.223343849182129,0.09346373875935872,0.08953732914394802,0.0,0.0,-0.20000000298023224,-0.20000000298023224,-0.029749346897006035,-0.025643322616815567,-3.615116834640503,-4.372395992279053,0.1643234924836592,0.1987452723763206,0.06970714032649994,-0.0052085197530686855,0
7,A:stabilize,0.17526867985725403,1.0148355960845947,0.0048134527169167995,0.06814530491828918,0.001571672153659165,-0.12414448708295822,3.24070405960083,6.961010932922363,10.201714992523193,-0.2029164880514145,-0.20376509428024292,1,1,0.0,0.0,0.5,0.5,0.19088871777057648,0.18992355465888977,1.3413500785827637,1.175963282585144,6.614477634429932,7.244001865386963,0.18373548984527588,0.20122227403852674,0.0,0.0,-0.20000000298023224,-0.20000000298023224,-0.2534390091896057,-0.2531294524669647,3.623948574066162,3.475248098373413,0.1006652381685045,0.09653466939926147,0.0,0.0,-0.20000000298023224,-0.20000000298023224,-0.03559890016913414,-0.03081445023417473,-3.182316303253174,-3.89227294921875,0.14465074105696243,0.17692149769176135,0.06809257715940475,-0.00480226194486022,0
8,A:stabilize,0.19565452635288239,1.0176925659179688,0.004807285964488983,0.05433566868305206,0.0018613782012835145,0.023803921416401863,0.0,0.0,0.0,-0.1818733513355255,-0.18272317945957184,0,0,0.0,0.0,0.5,0.5,0.25040367245674133,0.2494438737630844,2.691455125808716,2.8256163597106934,3.2577757835388184,2.9936795234680176,0.09049377176496717,0.08315776454077826,0.0,0.0,-0.20000000298023224,-0.20000000298023224,-0.27805906534194946,-0.2776663899421692,3.9445202350616455,4.091933250427246,0.10957000652949016,0.11366481251186794,0.0,0.0,-0.20000000298023224,-0.20000000298023224,-0.0607801117002964,-0.0548722930252552,-1.636439561843872,-1.8878865242004395,0.07438361644744873,0.08581302382729271,0.0543089359998703,-0.0048001729883253574,0
9,A:stabilize,0.21588775515556335,1.0076079368591309,0.004979581106454134,0.027300169691443443,0.0016910949489101768,-0.012194368988275528,0.0,0.0,0.0,-0.16086454689502716,-0.16175487637519836,0,0,0.0,0.0,0.5,0.5,0.3029583990573883,0.301052987575531,2.689455986022949,2.714262008666992,3.754631280899048,3.8694705963134766,0.10429531335830688,0.10748529434204102,0.0,0.0,-0.20000000298023224,-0.20000000298023224,-0.2801358103752136,-0.2792476713657379,1.8777872323989868,1.8313395977020264,0.05216075645552741,0.050870544380611844,0.0,0.0,-0.20000000298023224,-0.20000000298023224,-0.08782777190208435,-0.08032151311635971,-2.120771884918213,-2.186514377593994,0.09639872204173695,0.09938701716336337,0.027296777814626694,-0.0049777040258049965,0
10,A:stabilize,0.23582778871059418,0.9916308522224426,0.005204830784350634,-0.0056749554350972176,0.0016502701910212636,-0.001252075657248497,0.0,0.0,0.0,-0.14007866382598877,-0.14101848006248474,0,0,0.0,0.0,0.5,0.5,0.34454214572906494,0.34292030334472656,1.2633579969406128,1.2707496881484985,2.6333370208740234,2.643988609313965,0.07314825057983398,0.07344412803649902,0.0,0.0,-0.20000000298023224,-0.20000000298023224,-0.27001845836639404,-0.26906275749206543,1.0390079021453857,1.0220519304275513,0.028861330615149602,0.028390331400765315,0.0,0.0,-0.20000000298023224,-0.20000000298023224,-0.10716549307107925,-0.10016097873449326,-1.6303483247756958,-1.664311408996582,0.0741067420352589,0.07565051859075372,-0.0056749251671135426,-0.0052047232165932655,0
11,A:stabilize,0.25546202063560486,0.9781927466392517,0.0053845359943807125,-0.040376774966716766,0.0017170504434034228,0.002537364140152931,0.0,0.0,0.0,-0.11947974562644958,-0.12044864892959595,0,0,0.0,0.0,0.5,0.5,0.3823242485523224,0.3812866806983948,1.2460112571716309,1.2916321754455566,1.4425122737884521,1.4794635772705078,0.04006978538301256,0.04109621047973633,0.0,0.0,-0.20000000298023224,-0.20000000298023224,-0.2576197385787964,-0.25673532485961914,0.6263742446899414,0.5912635326385498,0.017399284574720595,0.016423987017737493,0.0,0.0,-0.20000000298023224,-0.20000000298023224,-0.12382068485021591,-0.11688141524791718,-1.1005597114562988,-1.301163673400879,0.050025441429831764,0.05914380333640359,-0.040365803986787796,-0.005380121059715748,0
12,A:stabilize,0.27482232451438904,0.9626914262771606,0.005586768034845591,-0.07557443529367447,0.0017936191288754344,0.017620105296373367,2.3135571479797363,0.0,2.3135571479797363,-0.09909048676490784,-0.10008605569601059,1,0,0.0,0.0,0.5,0.5,0.4139458239078522,0.41359132528305054,1.3074512481689453,1.3415483236312866,0.7345890998840332,0.5649299621582031,0.020405252774556477,0.015692498948838975,0.0,0.0,-0.20000000298023224,-0.20000000298023224,-0.2436482161283493,-0.24289171397686005,0.22260832786560059,0.2915281057357788,0.00618356466293335,0.008098002937104967,0.0,0.0,-0.20000000298023224,-0.20000000298023224,-0.1349293440580368,-0.1281343400478363,-1.0905543565750122,-1.232007384300232,0.04957065257159146,0.056000335650010544,-0.07550251483917236,-0.005570792593061924,0
13,A:stabilize,0.29393666982650757,0.9462419152259827,0.005732519086450338,-0.11090412735939026,0.0017712992848828435,0.00017479137750342488,10.817436218261719,3.0267391204833984,13.844175338745117,-0.07887442409992218,-0.07989147305488586,1,1,0.0,0.0,0.5,0.5,0.4413864016532898,0.44157788157463074,1.247690200805664,1.3353322744369507,-0.2351282835006714,-0.2238001823425293,0.006531341208351983,0.0062166717317369245,0.0,0.0,-0.20000000298023224,-0.20000000298023224,-0.22949950397014618,-0.2287738025188446,0.08905398845672607,0.09251701831817627,0.002473721901575724,0.0025699171755048963,0.0,0.0,-0.20000000298023224,-0.20000000298023224,-0.14106746017932892,-0.13500270247459412,-0.8295081853866577,-1.1909083127975464,0.03770491751757535,0.054132196036252106,-0.11067691445350647,-0.005697269458323717,0
14,A:stabilize,0.3128120005130768,0.9288132786750793,0.005783438216894865,-0.14631406962871552,0.0015987791121006012,-0.011696578934788704,29.313945770263672,2.9862818717956543,32.300227642059326,-0.05879077687859535,-0.059815913438797,1,1,0.0,0.0,0.5,0.5,0.4668147563934326,0.46741899847984314,1.2641382217407227,1.2327651977539062,-0.40371978282928467,-0.4295922517776489,0.011214438411924574,0.011933118104934692,0.0,0.0,-0.20000000298023224,-0.20000000298023224,-0.21612335741519928,-0.2153741866350174,-0.5408196449279785,-0.5493189096450806,0.01502276791466607,0.015258858601252237,0.0,0.0,-0.20000000298023224,-0.20000000298023224,-0.14392922818660736,-0.13898539543151855,-1.124642014503479,-1.2999508380889893,0.05112009156833996,0.05908867445859042,-0.14579257369041443,-0.005721611436456442,0
15,A:stabilize,0.3314673900604248,0.9187206625938416,0.0057411156594753265,-0.18189837038516998,0.0013808301882818341,-0.010401600040495396,37.90929412841797,10.713298797607422,48.62259292602539,-0.038781750947237015,-0.03977286443114281,1,1,0.0,0.0,0.5,0.5,0.4916090965270996,0.4931076765060425,1.1273386478424072,1.1610106229782104,-1.2383548021316528,-1.3443107604980469,0.03439874450365702,0.03734196556939019,0.0,0.0,-0.20000000298023224,-0.20000000298023224,-0.20395085215568542,-0.20354238152503967,-0.7852626442909241,-0.7620513439178467,0.021812851230303448,0.021168092886606853,0.0,0.0,-0.20000000298023224,-0.20000000298023224,-0.14468759298324585,-0.14050674438476562,-1.145115613937378,-1.2867412567138672,0.05205070972442627,0.05848823894153942,-0.18089693784713745,-0.005646368023008108,0
16,A:stabilize,0.3498675525188446,0.8970463871955872,0.005743090528994799,-0.218736931681633,0.0010418619494885206,0.003346957266330719,67.67459869384766,60.27593231201172,127.95053100585938,-0.018824677914381027,-0.019795721396803856,1,1,0.0,0.0,0.5,0.5,0.5183173418045044,0.5206079483032227,1.3116570711135864,1.3233898878097534,-2.4174060821533203,-2.539827346801758,0.06715016894870335,0.07055075963338216,0.0,0.0,-0.20000000298023224,-0.20000000298023224,-0.19216588139533997,-0.19204938411712646,-1.0229783058166504,-1.0008217096328735,0.02841606405046251,0.0278006030453576,0.0,0.0,-0.20000000298023224,-0.20000000298023224,-0.14579235017299652,-0.14308950304985046,-1.0106301307678223,-1.0971860885620117,0.04593773321671919,0.049872094934636894,-0.21699681878089905,-0.005606214981526136,0
17,A:stabilize,0.3681061267852783,0.8941570520401001,0.0054588052444159985,-0.25676101446151733,0.0007272050715982914,-0.010005440562963486,73.77277374267578,77.414794921875,151.18756866455078,0.0010151788592338562,0.00012344121932983398,1,1,0.0,0.0,0.5,0.5,0.5428327322006226,0.5460952520370483,1.2052357196807861,1.2352573871612549,-2.9790539741516113,-3.1074743270874023,0.0827514992819892,0.0863187313079834,0.0,0.0,-0.20000000298023224,-0.20000000298023224,-0.17876218259334564,-0.1790105700492859,-1.505356788635254,-1.4905091524124146,0.041815466350979276,0.04140303201145596,0.0,0.0,-0.20000000298023224,-0.20000000298023224,-0.14541326463222504,-0.14425501227378845,-1.1486343145370483,-1.1495789289474487,0.052210650660774925,0.05225358767942949,-0.2539490759372711,-0.00527982646599412,0
18,A:stabilize,0.3862382471561432,0.8846501111984253,0.00520664406940341,-0.29428431391716003,0.0005314074223861098,-0.009301241487264633,73.70059967041016,77.94197082519531,151.64257049560547,0.020858459174633026,0.02004917897284031,1,1,0.0,0.0,0.5,0.5,0.5639144778251648,0.5682898759841919,1.043607234954834,1.0692445039749146,-3.394892692565918,-3.5594687461853027,0.09430257479349773,0.09887413183848064,0.0,0.0,-0.20000000298023224,-0.20000000298023224,-0.16616106033325195,-0.16685327887535095,-1.8019119501113892,-1.7713825702667236,0.05005310972531637,0.04920507139629788,0.0,0.0,-0.20000000298023224,-0.20000000298023224,-0.14138640463352203,-0.14158673584461212,-1.3866946697235107,-1.3668545484542847,0.06303157589652321,0.062129752202467484,-0.2900550067424774,-0.004982787650078535,0
19,A:stabilize,0.40416350960731506,0.8552279472351074,0.0047332472167909145,-0.33071982860565186,0.0003527076914906502,-0.026814650744199753,28.880104064941406,48.659767150878906,77.53987121582031,0.040605127811431885,0.03993012756109238,1,1,0.0,0.0,0.5,0.5,0.5799182653427124,0.5858449935913086,0.3714292645454407,0.38263726234436035,-3.718942642211914,-3.900393486022949,0.10330396228366429,0.10834426350063747,0.0,0.0,-0.20000000298023224,-0.20000000298023224,-0.15502165257930756,-0.15630535781383514,-1.9778964519500732,-1.940559983253479,0.054941568109724254,0.053904443979263306,0.0,0.0,-0.20000000298023224,-0.20000000298023224,-0.12999583780765533,-0.13187476992607117,-1.7323718070983887,-1.6939020156860352,0.07874417304992676,0.07699554616754706,-0.3247239291667938,-0.0044767288491129875,0
20,A:crouch,0.41776925325393677,0.6010761260986328,-0.015337965451180935,-0.3488209843635559,0.042443446815013885,1.6970486640930176,0.0,0.0,0.0,0.05866735428571701,0.05970527231693268,0,0,1.0,1.0,0.5,0.5,0.6764594316482544,0.6773600578308105,2.919553518295288,3.330366849899292,-4.202664375305176,-3.9611973762512207,0.11674067709181044,0.1100332604514228,-1.0,-1.0,-0.20000000298023224,-0.20000000298023224,-0.2149500697851181,-0.19530253112316132,-2.8392372131347656,-4.778900623321533,0.0788677003648546,0.13274723953670925,-1.0,-1.0,-0.20000000298023224,-0.20000000298023224,-0.22380073368549347,-0.23182359337806702,-0.07532739639282227,0.0741724967956543,0.003423972563310103,0.0033714771270751953,-0.3417900502681732,0.014413692057132721,0
21,A:crouch,0.4272870123386383,0.3868071436882019,-0.03351358324289322,-0.35716456174850464,0.07702378928661346,1.2019422054290771,0.0,0.0,0.0,0.07258588075637817,0.07570791989564896,0,0,1.0,1.0,0.75,0.75,0.7174521684646606,0.7260634899139404,1.431858777999878,1.8043091297149658,-1.533409833908081,-2.3283097743988037,0.042594717608557806,0.06467527151107788,-1.0,-1.0,-0.44999998807907104,-0.44999998807907104,-0.2689127027988434,-0.24513207376003265,-1.7916555404663086,-2.6940317153930664,0.04976820945739746,0.07483421431647407,-1.0,-1.0,-0.44999998807907104,-0.44999998807907104,-0.2901824414730072,-0.29254159331321716,-0.2764444351196289,-0.5324320793151855,0.012565656141801313,0.02420145815069025,-0.34961915016174316,0.03139273077249527,0
22,A:crouch,0.4324341118335724,0.1718723028898239,-0.04529189318418503,-0.359564870595932,0.09790525585412979,0.6265379190444946,0.0,0.0,0.0,0.0833817645907402,0.08739674091339111,0,0,1.0,1.0,0.75,0.75,0.7330871820449829,0.7455976009368896,0.45755791664123535,0.5421987175941467,-0.40171462297439575,-1.0010814666748047,0.01115873952706655,0.027807818518744573,-1.0,-1.0,-0.44999998807907104,-0.44999998807907104,-0.32073453068733215,-0.30172619223594666,-0.3922262191772461,-0.5884618759155273,0.010895172754923502,0.01634616321987576,-1.0,-1.0,-0.44999998807907104,-0.44999998807907104,-0.3406204879283905,-0.33731910586357117,0.01438283920288086,-0.2976493835449219,0.0006537654183127663,0.013529517433860085,-0.3518669605255127,0.04238097742199898,0
23,A:crouch,0.43334072828292847,-0.03494105860590935,-0.051256634294986725,-0.36072689294815063,0.10678142309188843,0.189198300242424,0.0,0.0,0.0,0.09127755463123322,0.09503739327192307,0,0,1.0,1.0,0.75,0.75,0.7352858781814575,0.7464141845703125,-0.0508032962679863,-0.19532278180122375,0.3716694116592407,0.16649045050144196,0.010324150323867798,0.004624734736151165,-1.0,-1.0,-0.44999998807907104,-0.44999998807907104,-0.3674375116825104,-0.3575298488140106,0.638737678527832,0.9805212020874023,0.017742713292439777,0.0272367000579834,-1.0,-1.0,-0.44999998807907104,-0.44999998807907104,-0.37833890318870544,-0.3728921115398407,0.21037638187408447,0.022471308708190918,0.009562562812458385,0.0010214231230995872,-0.3529544472694397,0.047936782240867615,0
24,A:crouch,0.4302816689014435,-0.23007957637310028,-0.053170204162597656,-0.364639550447464,0.10782858729362488,-0.06181984767317772,0.0,0.0,0.0,0.09604689478874207,0.09890109300613403,0,0,1.0,1.0,0.75,0.75,0.7315131425857544,0.7384247779846191,-0.23884181678295135,-0.4732164442539215,0.8417422771453857,0.9347816705703735,0.02338172992070516,0.025966157515843708,-1.0,-1.0,-0.44999998807907104,-0.44999998807907104,-0.40582218766212463,-0.40605804324150085,1.2074408531188965,1.9029920101165771,0.033540023697747126,0.05286088916990492,-1.0,-1.0,-0.44999998807907104,-0.44999998807907104,-0.40609368681907654,-0.4013626277446747,0.3289003372192383,0.27848219871520996,0.014950015328147194,0.01265828175978227,-0.35661256313323975,0.049650996923446655,0
25,A:crouch,0.42351633310317993,-0.4155588150024414,-0.05271631106734276,-0.37389785051345825,0.10496700555086136,-0.16398495435714722,0.0,0.0,0.0,0.09728696942329407,0.09901580214500427,0,0,1.0,1.0,0.75,0.75,0.7267047166824341,0.7289614677429199,-0.22260911762714386,-0.44545796513557434,1.0253591537475586,1.2721892595291138,0.02848219871520996,0.03533859054247538,-1.0,-1.0,-0.44999998807907104,-0.44999998807907104,-0.4340849220752716,-0.44324180483818054,1.3613908290863037,2.2279372215270996,0.03781641191906399,0.061887145042419434,-1.0,-1.0,-0.44999998807907104,-0.44999998807907104,-0.425877183675766,-0.423135370016098,0.373967707157135,0.41308629512786865,0.016998532143506138,0.018776649778539486,-0.3652467429637909,0.049051444977521896,0
26,A:crouch,0.41321396827697754,-0.5957000255584717,-0.05122605338692665,-0.3895246684551239,0.10085158795118332,-0.17927081882953644,0.0,0.0,0.0,0.09461735188961029,0.09526769816875458,0,0,1.0,1.0,0.75,0.75,0.7236429452896118,0.7221262454986572,-0.10416745394468307,-0.26936978101730347,0.9829409718513489,1.276003360748291,0.02730391588475969,0.03544453779856364,-1.0,-1.0,-0.44999998807907104,-0.44999998807907104,-0.45212820172309875,-0.4677670896053314,1.2138721942901611,2.103200912475586,0.03371867206361559,0.058422247568766274,-1.0,-1.0,-0.44999998807907104,-0.44999998807907104,-0.4391796290874481,-0.4384758174419403,0.3545457720756531,0.43153029680252075,0.016115716912529686,0.01961501349102367,-0.37974873185157776,0.04736796393990517,0
27,A:crouch,0.3994385600090027,-0.7748082876205444,-0.04967443272471428,-0.41121017932891846,0.09689623862504959,-0.1583973467350006,0.0,0.0,0.0,0.08779142796993256,0.08755693584680557,0,0,1.0,1.0,0.75,0.75,0.7233473062515259,0.7193708419799805,0.0381167009472847,-0.05976409465074539,0.8001025915145874,1.076350450515747,0.022225071986516316,0.02989862362543742,-1.0,-1.0,-0.44999998807907104,-0.44999998807907104,-0.46125200390815735,-0.48059579730033875,0.895492434501648,1.7071480751037598,0.024874789847268,0.047420779863993325,-1.0,-1.0,-0.44999998807907104,-0.44999998807907104,-0.44731053709983826,-0.44810041785240173,0.2900947034358978,0.3703000247478485,0.013186122883449902,0.016831819306720387,-0.39971891045570374,0.04551474004983902,0
28,A:crouch,0.3821682929992676,-0.9560444355010986,-0.04870125651359558,-0.43779256939888,0.09368333965539932,-0.1301998347043991,0.0,0.0,0.0,0.0767318457365036,0.07587090879678726,0,0,1.0,1.0,0.75,0.75,0.7256444692611694,0.7204744815826416,0.15599451959133148,0.11769111454486847,0.5585061311721802,0.7858558297157288,0.015514059199227227,0.02182932860321469,-1.0,-1.0,-0.44999998807907104,-0.44999998807907104,-0.4635801613330841,-0.484098881483078,0.52150559425354,1.1998622417449951,0.014486266507042779,0.033329506715138756,-1.0,-1.0,-0.44999998807907104,-0.44999998807907104,-0.45152685046195984,-0.45314332842826843,0.2037792056798935,0.2702893912792206,0.009262691167267885,0.012285881421782753,-0.4239412546157837,0.04409078136086464,0
29,A:crouch,0.36132490634918213,-1.1411516666412354,-0.048652034252882004,-0.4677444100379944,0.09136994928121567,-0.10620354115962982,0.0,0.0,0.0,0.06149803847074509,0.0602693185210228,0,0,1.0,1.0,0.75,0.75,0.7297435998916626,0.7243990898132324,0.22814100980758667,0.2352382242679596,0.31976211071014404,0.48537492752075195,0.008882280853059556,0.013482636875576444,-1.0,-1.0,-0.44999998807907104,-0.44999998807907104,-0.4614861309528351,-0.4811968505382538,0.1761757731437683,0.7003499865531921,0.004893771476215786,0.019454166293144226,-1.0,-1.0,-0.44999998807907104,-0.44999998807907104,-0.4530136287212372,-0.4549029767513275,0.1158747524023056,0.16358092427253723,0.0052670342001048,0.007435496557842602,-0.45087411999702454,0.0434090718626976,0
30,A:crouch,0.3433053195476532,-0.8149977922439575,-0.06001145392656326,-0.5064628720283508,0.09825466573238373,0.04235231131315231,127.37535095214844,113.98020935058594,241.35556030273438,0.05845469981431961,0.05701388791203499,1,1,1.0,1.0,0.75,0.75,0.7900037169456482,0.7823579907417297,2.943528652191162,2.7468833923339844,-5.483480453491211,-5.055781841278076,0.15231890148586696,0.14043838447994655,-1.0,-1.0,-0.44999998807907104,-0.44999998807907104,-0.5086864829063416,-0.5282894968986511,4.745671272277832,5.3571367263793945,0.13182420200771755,0.14880935351053873,-1.0,-1.0,-0.44999998807907104,-0.44999998807907104,-0.3646739721298218,-0.3757427930831909,-6.051066875457764,-5.0477142333984375,0.27504849433898926,0.22944155606356534,-0.48508721590042114,0.05244646221399307,0
31,A:crouch,0.3305806517601013,-0.6762596368789673,-0.0696599930524826,-0.574338436126709,0.10361500829458237,0.03180721774697304,91.3903579711914,82.82571411132812,174.21607208251953,0.05759909749031067,0.05658454820513725,1,1,1.0,1.0,0.75,0.75,0.8379555940628052,0.8282049298286438,2.1502957344055176,1.963334083557129,-5.737981796264648,-5.264832496643066,0.15938838322957358,0.14624534712897408,-1.0,-1.0,-0.44999998807907104,-0.44999998807907104,-0.5094943642616272,-0.5267956852912903,1.5355267524719238,1.8309729099273682,0.042653520901997886,0.05086035860909356,-1.0,-1.0,-0.44999998807907104,-0.44999998807907104,-0.31440845131874084,-0.3284410834312439,-4.812259674072266,-4.342834949493408,0.21873907609419388,0.19740158861333673,-0.5432794690132141,0.05843587964773178,0
32,A:crouch,0.31954750418663025,-0.6515336632728577,-0.07723450660705566,-0.6530174016952515,0.10763411223888397,-0.02779974974691868,74.24881744384766,64.03269958496094,138.2815170288086,0.057374052703380585,0.056615907698869705,1,1,1.0,1.0,0.75,0.75,0.8727182745933533,0.8596819639205933,1.5261943340301514,1.1145061254501343,-6.0026092529296875,-5.462705612182617,0.16673914591471353,0.15174182256062826,-1.0,-1.0,-0.44999998807907104,-0.44999998807907104,-0.4898661971092224,-0.5034918785095215,-0.20543205738067627,-0.02548980712890625,0.005706446038352119,0.0007080501980251736,-1.0,-1.0,-0.44999998807907104,-0.44999998807907104,-0.28783679008483887,-0.305143266916275,-4.372142791748047,-3.7369508743286133,0.19873376326127487,0.16986140337857333,-0.6075857877731323,0.061282843351364136,0
33,A:crouch,0.3084794580936432,-0.6887434720993042,-0.08435767143964767,-0.7339178919792175,0.11064570397138596,-0.07414297759532928,64.46585083007812,53.30158233642578,117.7674331665039,0.057515304535627365,0.056986138224601746,1,1,1.0,1.0,0.75,0.75,0.8975497484207153,0.8802611827850342,1.090545654296875,0.6723169684410095,-6.081582546234131,-5.292780876159668,0.16893284850650364,0.1470216910044352,-1.0,-1.0,-0.44999998807907104,-0.44999998807907104,-0.4653535485267639,-0.47501957416534424,-1.1945996284484863,-1.1855077743530273,0.03318332301245795,0.03293077150980631,-1.0,-1.0,-0.44999998807907104,-0.44999998807907104,-0.27436476945877075,-0.29516535997390747,-4.106700897216797,-3.4402706623077393,0.1866682226007635,0.15637593919580633,-0.6697840094566345,0.06256603449583054,0
34,A:crouch,0.29634058475494385,-0.7659742832183838,-0.09195522218942642,-0.8132352232933044,0.11392554640769958,-0.09946827590465546,55.75689697265625,43.788726806640625,99.54562377929688,0.05787082016468048,0.057587213814258575,1,1,1.0,1.0,0.75,0.75,0.9133967161178589,0.8915309906005859,0.6187376976013184,0.34731441736221313,-5.9587907791137695,-4.792627334594727,0.1655219660864936,0.13312853707207573,-1.0,-1.0,-0.44999998807907104,-0.44999998807907104,-0.4429394006729126,-0.4488883316516876,-1.6821544170379639,-1.7961143255233765,0.046726511584387884,0.04989206459787157,-1.0,-1.0,-0.44999998807907104,-0.44999998807907104,-0.26916050910949707,-0.2943960428237915,-3.876053810119629,-3.0593645572662354,0.17618426409634677,0.13906202533028342,-0.7265141010284424,0.06309814751148224,0
35,A:crouch,0.2824532389640808,-0.8685204386711121,-0.10072808712720871,-0.8894761204719543,0.11836602538824081,-0.1009235605597496,49.206947326660156,34.92024230957031,84.12718963623047,0.05832114443182945,0.058271247893571854,1,1,1.0,1.0,0.75,0.75,0.9206942915916443,0.8936042785644531,0.23212414979934692,-0.028305038809776306,-5.532941818237305,-4.340242385864258,0.1536928282843696,0.12056228849622938,-1.0,-1.0,-0.44999998807907104,-0.44999998807907104,-0.42560645937919617,-0.42772892117500305,-1.8562602996826172,-2.0728840827941895,0.05156278610229492,0.05758011341094971,-1.0,-1.0,-0.44999998807907104,-0.44999998807907104,-0.2702111601829529,-0.2995441257953644,-3.554551362991333,-2.7618045806884766,0.16157051649960605,0.1255365718494762,-0.7767419219017029,0.06333326548337936,0
36,A:crouch,0.36504441499710083,0.0028868946246802807,-0.11030572652816772,-0.9619939923286438,0.1238594576716423,-0.15878251194953918,37.139556884765625,26.840673446655273,63.9802303314209,0.058796271681785583,0.058888088911771774,1,1,0.0,0.0,0.75,0.75,0.41316425800323486,0.3088284134864807,0.03760248422622681,-0.0393659844994545,-4.867473602294922,-3.560405731201172,0.13520760006374782,0.09890015920003255,0.0,0.0,-0.44999998807907104,-0.44999998807907104,-0.33417046070098877,-0.3738632798194885,-1.7697193622589111,-2.076241970062256,0.04915887117385864,0.057673388057284884,0.0,0.0,-0.44999998807907104,-0.44999998807907104,-0.15184453129768372,0.0281105637550354,-3.1395320892333984,-2.2759339809417725,0.14270600405606357,0.10345154458826239,-0.8203335404396057,0.06295439600944519,1
37,A:extend,0.3823288679122925,0.9555741548538208,0.02278045564889908,0.02638445794582367,-3.063471794128418,1.0886644124984741,163.33975219726562,37.074954986572266,200.4147071838379,0.012328440323472023,0.01419580727815628,1,1,-0.7846577167510986,0.6582777500152588,0.5,0.5,0.45866429805755615,0.3732263147830963,-0.38459068536758423,1.5331058502197266,-5.2060627937316895,6.3657636642456055,0.1446128553814358,0.17682676845126682,-0.9777805209159851,-0.5144266486167908,-0.20000000298023224,-0.20000000298023224,-0.40380972623825073,-0.45965516567230225,1.6319823265075684,7.935979843139648,0.04533284240298801,0.2204438845316569,1.0,1.0,-0.20000000298023224,-0.20000000298023224,-0.14605283737182617,0.022781943902373314,3.41446590423584,0.6715939044952393,0.15520299564708362,0.03052699565887451,0.026381397619843483,-0.022770553827285767,0
38,A:extend,0.401545912027359,0.9543068408966064,0.02618790976703167,0.03411967307329178,-3.0227935314178467,2.4922056198120117,128.9820556640625,16.168720245361328,145.15077590942383,0.032782647758722305,0.03476224094629288,1,1,-0.7846577167510986,0.6582777500152588,0.30383557081222534,0.6645694375038147,0.43940067291259766,0.40312016010284424,-1.1248767375946045,1.481533408164978,-2.7211861610412598,5.8046979904174805,0.07558850447336833,0.16124161084493002,-0.9777805209159851,-0.5144266486167908,-0.4444451332092285,-0.32860666513442993,-0.42861783504486084,-0.4895334541797638,1.1178066730499268,6.7182464599609375,0.031050185362497967,0.18661795722113717,1.0,1.0,0.04999999701976776,0.04999999701976776,-0.10794151574373245,0.008615626022219658,1.590464472770691,1.4410536289215088,0.07229383967139504,0.0655024376782504,0.03411305323243141,-0.026169676333665848,0
39,A:extend,0.418757826089859,0.7839374542236328,0.01569482870399952,0.027763966470956802,-2.972672939300537,2.3864450454711914,0.0,0.0,0.0,0.0502045676112175,0.054081566631793976,0,0,-0.7846577167510986,0.6582777500152588,0.30383557081222534,0.6645694375038147,0.4048647880554199,0.4478543996810913,-1.8029125928878784,2.6392464637756348,-0.4932875633239746,3.2656636238098145,0.01370243231455485,0.09071287843916151,-0.9777805209159851,-0.5144266486167908,-0.4444451332092285,-0.32860666513442993,-0.43269506096839905,-0.49148011207580566,-0.38311541080474854,4.718001842498779,0.010642094744576348,0.1310556067360772,1.0,1.0,0.04999999701976776,0.04999999701976776,-0.04609823226928711,-0.0005886107101105154,-0.6936650276184082,1.2730131149291992,0.031530228528109466,0.057864232496781784,0.027760399505496025,-0.015688134357333183,0
40,A:extend,0.43194422125816345,0.5866954922676086,0.0035597828682512045,0.009850654751062393,-2.9241116046905518,2.560319423675537,0.0,0.0,0.0,0.06325448304414749,0.06941694766283035,0,0,-0.7846577167510986,0.6582777500152588,0.30383557081222534,0.6645694375038147,0.3751157522201538,0.503952145576477,-1.22761869430542,2.803231716156006,-0.19968390464782715,0.9820652008056641,0.005546775129106309,0.027279588911268447,-0.9777805209159851,-0.5144266486167908,-0.4444451332092285,-0.32860666513442993,-0.41717711091041565,-0.4691476821899414,-1.9619958400726318,2.5806853771209717,0.054499884446462,0.07168570492002699,1.0,1.0,0.04999999701976776,0.04999999701976776,-0.012967444956302643,0.007936373353004456,-0.13720035552978516,0.39650481939315796,0.006236379796808416,0.018022946336052635,0.009850495494902134,-0.00355960289016366,0
41,A:extend,0.44119516015052795,0.38947793841362,-0.0019364928593859076,-0.012341782450675964,-2.867426872253418,3.0137534141540527,0.0,0.0,0.0,0.07341985404491425,0.08044052869081497,0,0,-0.7846577167510986,0.6582777500152588,0.30383557081222534,0.6645694375038147,0.35792744159698486,0.556932806968689,-0.6680272221565247,2.522522449493408,-0.5444875955581665,-0.3188652992248535,0.015124655432171293,0.008857369422912598,-0.9777805209159851,-0.5144266486167908,-0.4444451332092285,-0.32860666513442993,-0.4008508026599884,-0.4315708875656128,-2.399407386779785,0.4611196517944336,0.06665020518832737,0.012808879216512045,1.0,1.0,0.04999999701976776,0.04999999701976776,0.009670575149357319,0.021692857146263123,-0.17929482460021973,-0.06562429666519165,0.008149764754555443,0.0029829225756905294,-0.012341469526290894,0.0019363441970199347,0
42,A:extend,0.4465488791465759,0.19430853426456451,-0.004384574480354786,-0.03394449129700661,-2.801769733428955,3.4292383193969727,0.0,0.0,0.0,0.08058557659387589,0.08755546063184738,0,0,-0.7846577167510986,0.6582777500152588,0.30383557081222534,0.6645694375038147,0.3481776714324951,0.6023553609848022,-0.41289111971855164,2.1089863777160645,-0.7132084965705872,-1.1483983993530273,0.019811347126960754,0.031899955537584096,-0.9777805209159851,-0.5144266486167908,-0.4444451332092285,-0.32860666513442993,-0.3916216194629669,-0.3874586820602417,-2.1538195610046387,-1.245194911956787,0.05982832113901774,0.0345887475543552,1.0,1.0,0.04999999701976776,0.04999999701976776,0.026524394750595093,0.03551705926656723,-0.2662699818611145,-0.32936927676200867,0.012103180993687023,0.014971330761909485,-0.0339379720389843,0.004382033832371235,0
43,A:extend,0.44803500175476074,0.0006323783309198916,-0.006536201108247042,-0.051894523203372955,-2.7294814586639404,3.698545217514038,0.0,0.0,0.0,0.08455128222703934,0.09086612612009048,0,0,-0.7846577167510986,0.6582777500152588,0.30383557081222534,0.6645694375038147,0.3405275344848633,0.6388143301010132,-0.38362205028533936,1.6467278003692627,-0.5919420123100281,-1.6287823915481567,0.01644283367527856,0.04524395532078213,-0.9777805209159851,-0.5144266486167908,-0.4444451332092285,-0.32860666513442993,-0.3919657766819,-0.3453335762023926,-1.485331416130066,-2.3193001747131348,0.04125920600361294,0.06442500485314263,1.0,1.0,0.04999999701976776,0.04999999701976776,0.038235969841480255,0.04752998799085617,-0.26943275332450867,-0.482076495885849,0.012246943332932213,0.021912567994811318,-0.05187123268842697,0.006527355872094631,0
44,A:extend,0.44565844535827637,-0.1925971508026123,-0.009652371518313885,-0.06482326239347458,-2.6537928581237793,3.800325870513916,0.0,0.0,0.0,0.08514238893985748,0.09020702540874481,0,0,-0.7846577167510986,0.6582777500152588,0.30383557081222534,0.6645694375038147,0.3320188522338867,0.6658042669296265,-0.4561900794506073,1.171749234199524,-0.2620888948440552,-1.7959052324295044,0.007280247079001533,0.04988625645637512,-0.9777805209159851,-0.5144266486167908,-0.4444451332092285,-0.32860666513442993,-0.40132537484169006,-0.3110755681991577,-0.6023865342140198,-2.779994487762451,0.016732959283722773,0.07722206910451253,1.0,1.0,0.04999999701976776,0.04999999701976776,0.04513698071241379,0.056821517646312714,-0.19223132729530334,-0.541955828666687,0.00873778760433197,0.024634355848485775,-0.06477787345647812,0.009631948545575142,0
45,A:extend,0.43941062688827515,-0.3860672414302826,-0.014152889139950275,-0.07277049124240875,-2.577810049057007,3.7564330101013184,0.0,0.0,0.0,0.082161545753479,0.08539390563964844,0,0,-0.7846577167510986,0.6582777500152588,0.30383557081222534,0.6645694375038147,0.3218437433242798,0.6835922002792358,-0.5370740294456482,0.7265402674674988,0.15869468450546265,-1.710567831993103,0.0044081856807072954,0.04751577311091953,-0.9777805209159851,-0.5144266486167908,-0.4444451332092285,-0.32860666513442993,-0.41743937134742737,-0.28718888759613037,0.3203811049461365,-2.7834596633911133,0.00889947513739268,0.07731832398308648,1.0,1.0,0.04999999701976776,0.04999999701976776,0.04798624664545059,0.0629512146115303,-0.07049687951803207,-0.5205451250076294,0.003204403614456003,0.023661142045801335,-0.07270628213882446,0.01411496102809906,0
46,A:extend,0.42928174138069153,-0.5799818634986877,-0.0200540442019701,-0.07675532251596451,-2.5039172172546387,3.6114535331726074,0.0,0.0,0.0,0.07536526769399643,0.07637956738471985,0,0,-0.7846577167510986,0.6582777500152588,0.30383557081222534,0.6645694375038147,0.31054985523223877,0.6933301687240601,-0.5739652514457703,0.3544371426105499,0.5679908394813538,-1.4677956104278564,0.015777523318926494,0.04077210028966268,-0.9777805209159851,-0.5144266486167908,-0.4444451332092285,-0.32860666513442993,-0.437312513589859,-0.2733778953552246,1.1497466564178467,-2.5225396156311035,0.03193740712271796,0.07007054487864177,1.0,1.0,0.04999999701976776,0.04999999701976776,0.047888629138469696,0.0659753754734993,0.05895642936229706,-0.4418349862098694,0.00267983769828623,0.020083408464084972,-0.07667997479438782,0.019993659108877182,0
47,A:extend,0.41729673743247986,-0.5588368773460388,-0.04697904735803604,-0.07993488758802414,-2.4339661598205566,3.00899338722229,0.0,201.64706420898438,201.64706420898438,0.06449291110038757,0.07020154595375061,0,1,-0.7846577167510986,0.6582777500152588,0.30383557081222534,0.6645694375038147,0.2974867820739746,0.7606307864189148,-0.6904371976852417,3.938108444213867,1.2669599056243896,-8.992177963256836,0.0351933307117886,0.24978272120157877,-0.9777805209159851,-0.5144266486167908,-0.4444451332092285,-0.32860666513442993,-0.4551842510700226,-0.2645171284675598,1.276829481124878,-3.2363951206207275,0.03546748558680216,0.08989986446168688,1.0,1.0,0.04999999701976776,0.04999999701976776,0.04517827928066254,-0.032407790422439575,0.15337666869163513,8.403707504272461,0.006971666758710688,0.3819867047396573,-0.07984978705644608,0.04681181535124779,0
48,A:extend,0.4067070484161377,-0.52041095495224,-0.0874483585357666,-0.07987970113754272,-2.376467227935791,2.5766804218292236,0.0,190.23587036132812,190.23587036132812,0.05284590274095535,0.0670832172036171,0,1,-0.7846577167510986,0.6582777500152588,0.30383557081222534,0.6645694375038147,0.2860860228538513,0.817318856716156,-0.4836079180240631,2.831592559814453,1.2589104175567627,-8.760730743408203,0.034969733821021184,0.24335363176133898,-0.9777805209159851,-0.5144266486167908,-0.4444451332092285,-0.32860666513442993,-0.46956586837768555,-0.25133049488067627,1.741787075996399,-3.0563809871673584,0.048382974333233304,0.08489947186575995,1.0,1.0,0.04999999701976776,0.04999999701976776,0.04080707207322121,-0.1352194845676422,0.371219277381897,8.472465515136719,0.01687360351735895,0.38511206886985083,-0.07979477941989899,0.08705845475196838,0
49,A:extend,0.3855510652065277,0.007849507965147495,-0.10363613814115524,-0.07255034148693085,-2.31933856010437,0.031130898743867874,79.0753402709961,179.89602661132812,258.9713668823242,0.0486634187400341,0.06413931399583817,1,1,0.0,0.0,0.30383557081222534,0.6645694375038147,0.006635652389377356,0.006670115515589714,-0.017991306260228157,-0.017098691314458847,-0.5102294683456421,-8.35254192352295,0.014173040787378946,0.23201505343119302,0.0,0.0,-0.4444451332092285,-0.32860666513442993,-0.00962081179022789,-0.06256890296936035,4.644553184509277,-2.798942804336548,0.1290153662363688,0.07774841123157078,0.0,0.0,0.04999999701976776,0.04999999701976776,0.04975949600338936,0.17139466106891632,-4.436855792999268,8.882887840270996,0.20167526331814853,0.4037676291032271,-0.07248671352863312,0.10317859053611755,1
50,A:aerial/hold,0.4067046046257019,1.0872342586517334,0.05154440551996231,0.04684974253177643,-0.008278006687760353,-0.1638938933610916,71.89295959472656,0.0,71.89295959472656,0.032488204538822174,0.02356031909584999,1,0,0.0,0.0,0.5,0.5,0.11277901381254196,0.12573498487472534,6.4610185623168945,6.243195056915283,1.6307754516601562,1.0037040710449219,0.04529931810167101,0.02788066864013672,0.0,0.0,-0.20000000298023224,-0.20000000298023224,-0.09527274966239929,-0.15370556712150574,4.135432243347168,6.102193355560303,0.11487311787075466,0.16950537098778617,0.0,0.0,-0.20000000298023224,-0.20000000298023224,-0.000230548539548181,0.08407757431268692,0.6348738670349121,-0.6987533569335938,0.028857903047041458,0.031761516224254265,0.0468326061964035,-0.05146503821015358,0
51,A:aerial/hold,0.4263553023338318,0.899828314781189,0.035363856703042984,0.04851814731955528,-0.011194344609975815,-0.12345952540636063,0.0,0.0,0.0,0.0507919080555439,0.044489458203315735,0,0,0.0,0.0,0.5,0.5,0.22184181213378906,0.23129621148109436,4.946132183074951,4.568075656890869,0.9885845184326172,1.271805763244629,0.027460681067572698,0.03532793786790636,0.0,0.0,-0.20000000298023224,-0.20000000298023224,-0.15072676539421082,-0.20352905988693237,2.049858570098877,3.011240005493164,0.05694051583607992,0.08364555570814344,0.0,0.0,-0.20000000298023224,-0.20000000298023224,-0.0749817043542862,-0.011846357025206089,0.893937349319458,0.6321320533752441,0.04063351587815718,0.02873327515342019,0.04849911481142044,-0.035314880311489105,0
52,A:aerial/hold,0.4416857361793518,0.6902636289596558,0.023059753701090813,0.035778649151325226,-0.012907803989946842,-0.026578407734632492,0.0,0.0,0.0,0.06600481271743774,0.061505042016506195,0,0,0.0,0.0,0.5,0.5,0.30814558267593384,0.3100988566875458,3.8960893154144287,3.5719048976898193,0.06915760040283203,0.5080928802490234,0.001921044455634223,0.014113691118028428,0.0,0.0,-0.20000000298023224,-0.20000000298023224,-0.17417094111442566,-0.21765345335006714,0.6166305541992188,1.2924678325653076,0.017128626505533855,0.03590188423792521,0.0,0.0,-0.20000000298023224,-0.20000000298023224,-0.11939837038516998,-0.0809822827577591,0.2598508596420288,0.5710670948028564,0.01181140271100131,0.025957595218311657,0.03577101603150368,-0.02304295264184475,0
53,A:aerial/hold,0.4529806077480316,0.4939580261707306,0.01871858350932598,0.01609172858297825,-0.012950809672474861,0.014470638707280159,0.0,0.0,0.0,0.07816808670759201,0.07416510581970215,0,0,0.0,0.0,0.5,0.5,0.37397295236587524,0.37124165892601013,2.947035074234009,2.763150453567505,-0.5313997268676758,-0.15466642379760742,0.014761103524102105,0.00429628954993354,0.0,0.0,-0.20000000298023224,-0.20000000298023224,-0.17786380648612976,-0.21362251043319702,-0.534600019454956,0.03046908974647522,0.014850000540415445,0.0008463636040687561,0.0,0.0,-0.20000000298023224,-0.20000000298023224,-0.1447538286447525,-0.12263979017734528,-0.036165833473205566,0.2160857915878296,0.0016439015215093439,0.009822081435810436,0.016091033816337585,-0.018715066835284233,0
54,A:aerial/hold,0.4604479670524597,0.30407577753067017,0.019212782382965088,-0.00537272822111845,-0.012844452634453773,-0.005200761370360851,0.0,0.0,0.0,0.08687621355056763,0.08267280459403992,0,0,0.0,0.0,0.5,0.5,0.42291074991226196,0.41782984137535095,2.165456771850586,2.0816845893859863,-0.8831853866577148,-0.5869622230529785,0.024532927407158747,0.01630450619591607,0.0,0.0,-0.20000000298023224,-0.20000000298023224,-0.17262187600135803,-0.2020578384399414,-1.2231364250183105,-0.7580140829086304,0.03397601180606418,0.021055946747461956,0.0,0.0,-0.20000000298023224,-0.20000000298023224,-0.15940316021442413,-0.1470084935426712,-0.1951005458831787,-0.03259611129760742,0.008868206631053577,0.001481641422618519,-0.005372702144086361,-0.01921132393181324,0
55,A:aerial/hold,0.46415361762046814,0.11498214304447174,0.022280778735876083,-0.025163235142827034,-0.013507797382771969,-0.04598647356033325,0.0,0.0,0.0,0.09180466085672379,0.0870865061879158,0,0,0.0,0.0,0.5,0.5,0.4579237103462219,0.45200297236442566,1.5165674686431885,1.4960148334503174,-1.0119496583938599,-0.7867553234100342,0.028109712733162776,0.021854314539167616,0.0,0.0,-0.20000000298023224,-0.20000000298023224,-0.1662614643573761,-0.19005858898162842,-1.4408729076385498,-1.1038212776184082,0.040024247434404164,0.030661702156066895,0.0,0.0,-0.20000000298023224,-0.20000000298023224,-0.1680321842432022,-0.16129042208194733,-0.2746894657611847,-0.17123645544052124,0.012485884807326576,0.00778347524729642,-0.02516057901084423,-0.022271880879998207,0
56,A:aerial/hold,0.4640751779079437,-0.07588813453912735,0.02663600817322731,-0.04158347100019455,-0.014970462769269943,-0.07506531476974487,0.0,0.0,0.0,0.09272947162389755,0.08736883848905563,0,0,0.0,0.0,0.5,0.5,0.48138874769210815,0.4756114184856415,0.9811546206474304,1.0031476020812988,-0.9513559341430664,-0.7937009930610657,0.02642655372619629,0.022047249807251826,0.0,0.0,-0.20000000298023224,-0.20000000298023224,-0.16293951869010925,-0.18128448724746704,-1.3116475343704224,-1.1286356449127197,0.03643465373251173,0.03135099013646444,0.0,0.0,-0.20000000298023224,-0.20000000298023224,-0.173655167222023,-0.17017902433872223,-0.28512173891067505,-0.21708878874778748,0.01296007904139432,0.009867672215808521,-0.0415714867413044,-0.026609832420945168,0
57,A:aerial/hold,0.46016138792037964,-0.2690620422363281,0.03151010721921921,-0.05434291809797287,-0.016832349821925163,-0.08256198465824127,0.0,0.0,0.0,0.08954202383756638,0.0835077166557312,0,0,0.0,0.0,0.5,0.5,0.49554306268692017,0.4906139075756073,0.557783305644989,0.6113610863685608,-0.7621586322784424,-0.6759503483772278,0.021171073118845623,0.018776398566034105,0.0,0.0,-0.20000000298023224,-0.20000000298023224,-0.16392889618873596,-0.17680060863494873,-0.9854219555854797,-0.9691169857978821,0.02737283209959666,0.02691991627216339,0.0,0.0,-0.20000000298023224,-0.20000000298023224,-0.17807956039905548,-0.1764245182275772,-0.2433568388223648,-0.20027115941047668,0.011061674491925673,0.009103234518658031,-0.05431617423892021,-0.03145838901400566,0
58,A:aerial/hold,0.452364981174469,-0.4641229212284088,0.03643927723169327,-0.06402286142110825,-0.018687672913074493,-0.07420050352811813,0.0,0.0,0.0,0.08223879337310791,0.0755494013428688,0,0,0.0,0.0,0.5,0.5,0.5026363730430603,0.4990851581096649,0.24658681452274323,0.3236474096775055,-0.5132702589035034,-0.5031076073646545,0.014257507191763984,0.013975211315684848,0.0,0.0,-0.20000000298023224,-0.20000000298023224,-0.1687309443950653,-0.17613071203231812,-0.5890633463859558,-0.73646080493927,0.016362870732943218,0.02045724458164639,0.0,0.0,-0.20000000298023224,-0.20000000298023224,-0.18217827379703522,-0.1814129501581192,-0.17281171679496765,-0.1518712192773819,0.007855078036134893,0.006903237239880996,-0.0639791339635849,-0.03635657951235771,0
59,A:aerial/hold,0.44065356254577637,-0.6603674292564392,0.041171155869960785,-0.0715918019413948,-0.020322944968938828,-0.060628991574048996,0.0,0.0,0.0,0.07088051736354828,0.06357257068157196,0,0,0.0,0.0,0.5,0.5,0.5048357844352722,0.5030253529548645,0.04029730334877968,0.132161945104599,-0.26318126916885376,-0.32864993810653687,0.007310590810245938,0.009129164947403802,0.0,0.0,-0.20000000298023224,-0.20000000298023224,-0.17602774500846863,-0.17812275886535645,-0.21130764484405518,-0.5053271055221558,0.005869656801223755,0.014036864042282104,0.0,0.0,-0.20000000298023224,-0.20000000298023224,-0.18619860708713531,-0.18569810688495636,-0.09526200592517853,-0.09593388438224792,0.004330091178417206,0.004360631108283997,-0.07153066247701645,-0.04105408862233162,0
60,A:aerial/hold,0.4250108301639557,-0.8571366667747498,0.04560293257236481,-0.07805384695529938,-0.021730046719312668,-0.05052400752902031,0.0,0.0,0.0,0.05554594099521637,0.04765411466360092,0,0,0.0,0.0,0.5,0.5,0.5040554404258728,0.5041616559028625,-0.07666186988353729,0.02030831389129162,-0.051100268959999084,-0.18467287719249725,0.0014194519155555302,0.005129802144236035,0.0,0.0,-0.20000000298023224,-0.20000000298023224,-0.18433472514152527,-0.18152230978012085,0.09607982635498047,-0.316745787858963,0.002668884065416124,0.008798494107193418,0.0,0.0,-0.20000000298023224,-0.20000000298023224,-0.19005240499973297,-0.18940980732440948,-0.026296406984329224,-0.04721255600452423,0.0011952912265604193,0.0021460252729329195,-0.07797461003065109,-0.04544832929968834,0
61,A:aerial/hold,0.4118993878364563,-0.21819624304771423,0.011076530441641808,-0.08708778023719788,-0.02297133393585682,-0.03767409548163414,794.0197143554688,395.6085205078125,1189.6282348632812,0.039864830672740936,0.04001367837190628,1,1,0.0,0.0,0.5,0.5,0.5323421955108643,0.579479992389679,2.4867053031921387,5.1590986251831055,-12.036730766296387,-9.294158935546875,0.33435363239712185,0.25817108154296875,0.0,0.0,-0.20000000298023224,-0.20000000298023224,-0.18633641302585602,-0.1897098869085312,2.364830493927002,2.6891605854034424,0.06568973594241673,0.07469890515009563,0.0,0.0,-0.20000000298023224,-0.20000000298023224,-0.2712894380092621,-0.31458696722984314,15.257706642150879,4.039198398590088,0.6935321200977672,0.18359992720864035,-0.08697773516178131,-0.011034327559173107,0
62,A:aerial/hold,0.41092655062675476,-0.03173935040831566,0.015797993168234825,-0.10429173707962036,-0.018810031935572624,0.16740798950195312,61.452728271484375,131.3972625732422,192.84999084472656,0.04005930945277214,0.040059637278318405,1,1,0.0,0.0,0.5,0.5,0.5525254011154175,0.6134936809539795,0.30474889278411865,0.71937096118927,-2.2885711193084717,-4.746651649475098,0.06357141998079088,0.1318514347076416,0.0,0.0,-0.20000000298023224,-0.20000000298023224,-0.17238743603229523,-0.1800173968076706,-2.158257484436035,-1.7246545553207397,0.059951596789889865,0.04790707098113166,0.0,0.0,-0.20000000298023224,-0.20000000298023224,-0.28529974818229675,-0.34129542112350464,2.3152403831481934,3.623321056365967,0.10523819923400879,0.1646964116529985,-0.10410277545452118,-0.015711503103375435,0
63,A:aerial/hold,0.41069114208221436,-0.007654826156795025,0.01769588328897953,-0.11183442920446396,-0.016572432592511177,0.10663459450006485,57.222198486328125,121.51707458496094,178.73927307128906,0.04006512835621834,0.040058694779872894,1,1,0.0,0.0,0.5,0.5,0.5529875159263611,0.6209177374839783,-0.11301207542419434,0.07802435755729675,-1.5488992929458618,-3.914457321166992,0.04302498035960727,0.108734925587972,0.0,0.0,-0.20000000298023224,-0.20000000298023224,-0.16483376920223236,-0.17446835339069366,-1.5039408206939697,-1.1105003356933594,0.04177613390816583,0.03084723154703776,0.0,0.0,-0.20000000298023224,-0.20000000298023224,-0.2852773368358612,-0.34680062532424927,1.7178345918655396,3.0144083499908447,0.07808339053934271,0.13701856136322021,-0.11160144954919815,-0.01758441887795925,0
64,A:aerial/hold,0.4107348620891571,0.00397326098755002,0.018428323790431023,-0.11357543617486954,-0.01497956458479166,0.0721995159983635,54.53234100341797,113.53587341308594,168.0682144165039,0.04008374363183975,0.040057338774204254,1,1,0.0,0.0,0.5,0.5,0.548421323299408,0.6194359660148621,-0.2642609477043152,-0.24679186940193176,-1.1272177696228027,-3.3269567489624023,0.03131160471174452,0.09241546524895562,0.0,0.0,-0.20000000298023224,-0.20000000298023224,-0.16507403552532196,-0.17505578696727753,-0.9907903075218201,-0.7097362279891968,0.027521952986717224,0.019714895221922133,0.0,0.0,-0.20000000298023224,-0.20000000298023224,-0.2787812054157257,-0.34324681758880615,1.286576271057129,2.5780014991760254,0.05848073959350586,0.11718188632618297,-0.11333141475915909,-0.01830855943262577,0
65,A:aerial/hold,0.41088056564331055,0.007249235641211271,0.018358688801527023,-0.11299975961446762,-0.013982458040118217,0.03830432891845703,53.075714111328125,108.28146362304688,161.357177734375,0.04010595381259918,0.040055736899375916,1,1,0.0,0.0,0.5,0.5,0.5427327752113342,0.6140075325965881,-0.2748887836933136,-0.37004420161247253,-0.902486264705658,-2.9362406730651855,0.025069062908490498,0.08156224091847737,0.0,0.0,-0.20000000298023224,-0.20000000298023224,-0.1691044270992279,-0.17835430800914764,-0.6251797080039978,-0.4446818232536316,0.01736610300011105,0.012352272868156433,0.0,0.0,-0.20000000298023224,-0.20000000298023224,-0.2699749767780304,-0.3353857398033142,0.9763643741607666,2.25335955619812,0.04438019882548939,0.10242543437264183,-0.11275942623615265,-0.01824057847261429,0
66,A:aerial/hold,0.4110313355922699,0.006489480845630169,0.017812659963965416,-0.11210069060325623,-0.013551737181842327,0.009766150265932083,53.28260040283203,105.25189208984375,158.53449249267578,0.04012053459882736,0.040053606033325195,1,1,0.0,0.0,0.5,0.5,0.5377006530761719,0.6075912714004517,-0.2246643304824829,-0.3758329749107361,-0.8036220073699951,-2.704512357711792,0.02232283353805542,0.075125343269772,0.0,0.0,-0.20000000298023224,-0.20000000298023224,-0.17445412278175354,-0.18250605463981628,-0.39009371399879456,-0.271023154258728,0.010835936499966515,0.007528420951631334,0.0,0.0,-0.20000000298023224,-0.20000000298023224,-0.2609395384788513,-0.3259744942188263,0.7888070344924927,2.017770528793335,0.035854865204204216,0.09171684221787886,-0.1118660494685173,-0.017699917778372765,0
67,A:aerial/hold,0.4111425578594208,0.004031215328723192,0.016962304711341858,-0.11193322390317917,-0.013621354475617409,-0.015443852171301842,54.02837371826172,103.53120422363281,157.55957794189453,0.0401146300137043,0.04005046188831329,1,1,0.0,0.0,0.5,0.5,0.5339779257774353,0.6016530990600586,-0.15156230330467224,-0.32943806052207947,-0.7863861322402954,-2.57523512840271,0.021844059228897095,0.0715343091222975,0.0,0.0,-0.20000000298023224,-0.20000000298023224,-0.17973031103610992,-0.18652091920375824,-0.24312782287597656,-0.16227424144744873,0.006753550635443794,0.004507617817984687,0.0,0.0,-0.20000000298023224,-0.20000000298023224,-0.25257405638694763,-0.31635355949401855,0.6521744728088379,1.8240175247192383,0.029644294218583542,0.0829098874872381,-0.11169963330030441,-0.016855347901582718,0
68,A:aerial/hold,0.41119879484176636,0.0011482080444693565,0.01594042032957077,-0.11303460597991943,-0.014086902141571045,-0.033579327166080475,54.909339904785156,102.68156433105469,157.59090423583984,0.0400838777422905,0.0400468111038208,1,1,0.0,0.0,0.5,0.5,0.5317137837409973,0.5969696044921875,-0.07751504331827164,-0.2550744116306305,-0.8203766942024231,-2.529771327972412,0.022788241505622864,0.07027142577701145,0.0,0.0,-0.20000000298023224,-0.20000000298023224,-0.18418361246585846,-0.18993227183818817,-0.1679043173789978,-0.09843805432319641,0.004664008816083272,0.002734390397866567,0.0,0.0,-0.20000000298023224,-0.20000000298023224,-0.24519090354442596,-0.3072454631328583,0.5495511293411255,1.6608582735061646,0.024979596788232975,0.07549355788664384,-0.11279404908418655,-0.015838025137782097,0
69,A:aerial/hold,0.41120243072509766,-0.0017657805001363158,0.01482007559388876,-0.11562063544988632,-0.014827941544353962,-0.04661549627780914,55.250244140625,102.34271240234375,157.59295654296875,0.040034085512161255,0.0400429405272007,1,1,0.0,0.0,0.5,0.5,0.5308504104614258,0.5936622619628906,-0.011408314108848572,-0.18023937940597534,-0.8899356722831726,-2.5318233966827393,0.024720435341199238,0.07032842768563165,0.0,0.0,-0.20000000298023224,-0.20000000298023224,-0.18751835823059082,-0.1924864798784256,-0.1478661298751831,-0.07685205340385437,0.004107392496532864,0.002134779261218177,0.0,0.0,-0.20000000298023224,-0.20000000298023224,-0.2387673705816269,-0.2988094389438629,0.4765980839729309,1.5226235389709473,0.02166354927149686,0.06921016086231578,-0.11536319553852081,-0.01472058892250061,0
70,A:aerial/hold,0.4111798405647278,-0.002701499732211232,0.013878467492759228,-0.11970282346010208,-0.015673505142331123,-0.04952408745884895,57.153045654296875,101.6795654296875,158.83261108398438,0.040018659085035324,0.04003897309303284,1,1,0.0,0.0,0.5,0.5,0.531460702419281,0.5916697978973389,0.05404529720544815,-0.11708139628171921,-0.9903587698936462,-2.577812433242798,0.02750996583037906,0.07160590092341106,0.0,0.0,-0.20000000298023224,-0.20000000298023224,-0.18988214433193207,-0.19416800141334534,-0.14151665568351746,-0.07457157969474792,0.003931018213431041,0.0020714327692985535,0.0,0.0,-0.20000000298023224,-0.20000000298023224,-0.2330557107925415,-0.2910236120223999,0.3626025319099426,1.3939223289489746,0.016481933268633755,0.06336010586131703,-0.11941716074943542,-0.013778714463114738,0
71,A:aerial/hold,0.411128968000412,-0.00427273428067565,0.012921862304210663,-0.12525786459445953,-0.01663718745112419,-0.05577366054058075,58.41743087768555,100.50499725341797,158.92242813110352,0.04001358896493912,0.040033914148807526,1,1,0.0,0.0,0.5,0.5,0.5332725644111633,0.5904107093811035,0.10472248494625092,-0.0709560215473175,-1.1222094297409058,-2.5966920852661133,0.031172484159469604,0.07213033570183648,0.0,0.0,-0.20000000298023224,-0.20000000298023224,-0.19117270410060883,-0.1947556734085083,-0.17661678791046143,-0.12718647718429565,0.004906021886401706,0.0035329576995637682,0.0,0.0,-0.20000000298023224,-0.20000000298023224,-0.22814778983592987,-0.2835322320461273,0.2945857644081116,1.25837242603302,0.013390262018550526,0.05719874663786455,-0.12493057548999786,-0.012820268981158733,0
72,A:aerial/hold,0.4110429584980011,-0.006800387986004353,0.011957205832004547,-0.13212189078330994,-0.017620597034692764,-0.0561186745762825,58.60627746582031,99.41746520996094,158.02374267578125,0.04001019150018692,0.040030092000961304,1,1,0.0,0.0,0.5,0.5,0.5358789563179016,0.5899112224578857,0.130767360329628,-0.026209481060504913,-1.2426913976669312,-2.6442737579345703,0.034519205490748085,0.07345204883151585,0.0,0.0,-0.20000000298023224,-0.20000000298023224,-0.19156606495380402,-0.19453665614128113,-0.22980722784996033,-0.17966656386852264,0.006383534106943343,0.00499073788523674,0.0,0.0,-0.20000000298023224,-0.20000000298023224,-0.22354267537593842,-0.2762536406517029,0.2219923734664917,1.1166291236877441,0.010090562430295076,0.05075586925853382,-0.1317378282546997,-0.011852714233100414,0
73,A:aerial/hold,0.41091424226760864,-0.009593356400728226,0.01099190954118967,-0.14013314247131348,-0.018481319770216942,-0.05002999305725098,59.86716842651367,98.28596496582031,158.15313339233398,0.040006741881370544,0.04002586007118225,1,1,0.0,0.0,0.5,0.5,0.5391613841056824,0.5901436805725098,0.14998802542686462,0.01216568797826767,-1.3670876026153564,-2.706843614578247,0.037974655628204346,0.0751901004049513,0.0,0.0,-0.20000000298023224,-0.20000000298023224,-0.191352978348732,-0.1937582939863205,-0.28715038299560547,-0.23558762669563293,0.007976399527655708,0.00654410074154536,0.0,0.0,-0.20000000298023224,-0.20000000298023224,-0.21904388070106506,-0.26910388469696045,0.1403941512107849,0.9719357490539551,0.006381552327762951,0.044178897684270683,-0.13967494666576385,-0.010883941315114498,0
74,A:aerial/hold,0.41073915362358093,-0.013047602958977222,0.00998974870890379,-0.1491808295249939,-0.019234446808695793,-0.04775566980242729,60.40520477294922,96.33291625976562,156.73812103271484,0.040004439651966095,0.040022313594818115,1,1,0.0,0.0,0.5,0.5,0.5431108474731445,0.5909340381622314,0.1726112961769104,0.030490972101688385,-1.514641523361206,-2.761107921600342,0.04207337564892239,0.07669744226667616,0.0,0.0,-0.20000000298023224,-0.20000000298023224,-0.1907525509595871,-0.1925443857908249,-0.333185076713562,-0.30373623967170715,0.009255141019821167,0.008437117768658532,0.0,0.0,-0.20000000298023224,-0.20000000298023224,-0.21454349160194397,-0.261894166469574,0.028998732566833496,0.824722170829773,0.0013181242075833407,0.03748737140135332,-0.1486281007528305,-0.009878629818558693,0
75,A:aerial/hold,0.41051173210144043,-0.01677621901035309,0.008937480859458447,-0.15914304554462433,-0.019838649779558182,-0.03944280371069908,62.63916778564453,94.23661804199219,156.87578582763672,0.04000454768538475,0.04001897573471069,1,1,0.0,0.0,0.5,0.5,0.5476992726325989,0.5921857357025146,0.19787901639938354,0.037272609770298004,-1.6831159591674805,-2.812191963195801,0.04675322108798557,0.07811644342210558,0.0,0.0,-0.20000000298023224,-0.20000000298023224,-0.19000348448753357,-0.1910698413848877,-0.37324047088623047,-0.3773993253707886,0.010367790857950846,0.010483314593633017,0.0,0.0,-0.20000000298023224,-0.20000000298023224,-0.209931418299675,-0.2544826567173004,-0.06742101907730103,0.6771926283836365,0.003064591776240956,0.03078148310834711,-0.15847213566303253,-0.008824423886835575,0
76,A:aerial/hold,0.4102276861667633,-0.02077730931341648,0.007795730140060186,-0.16991664469242096,-0.020243698731064796,-0.02948545292019844,65.39544677734375,91.11614990234375,156.5115966796875,0.04000431299209595,0.04001544788479805,1,1,0.0,0.0,0.5,0.5,0.5527510643005371,0.5936797857284546,0.21665719151496887,0.025371871888637543,-1.8631212711334229,-2.8545994758605957,0.05175336864259508,0.07929442988501655,0.0,0.0,-0.20000000298023224,-0.20000000298023224,-0.1892566829919815,-0.18941494822502136,-0.402180016040802,-0.4511765241622925,0.0111716671122445,0.012532681226730347,0.0,0.0,-0.20000000298023224,-0.20000000298023224,-0.20497481524944305,-0.24668793380260468,-0.1657991111278534,0.5134345293045044,0.007536323233084245,0.023337933150204746,-0.16910018026828766,-0.007683383300900459,0
77,A:aerial/hold,0.40987876057624817,-0.024794502183794975,0.006586241535842419,-0.1814538836479187,-0.020534830167889595,-0.025202743709087372,67.75360870361328,89.75299072265625,157.50659942626953,0.04000401869416237,0.040013387799263,1,1,0.0,0.0,0.5,0.5,0.5582019686698914,0.5954720377922058,0.23682931065559387,0.0305020734667778,-2.055389642715454,-2.8933403491973877,0.05709415674209595,0.08037056525548299,0.0,0.0,-0.20000000298023224,-0.20000000298023224,-0.18857716023921967,-0.1877463459968567,-0.4167410135269165,-0.5151546597480774,0.011576139264636569,0.014309851659668816,0.0,0.0,-0.20000000298023224,-0.20000000298023224,-0.19960886240005493,-0.23843203485012054,-0.2929445803165436,0.3017956018447876,0.013315662741661072,0.013717981902035799,-0.18045976758003235,-0.006478063762187958,0
78,A:aerial/hold,0.4094615578651428,-0.029080640524625778,0.005305422004312277,-0.1938067376613617,-0.020692838355898857,-0.018518323078751564,69.89314270019531,86.42073059082031,156.31387329101562,0.040003858506679535,0.04001064598560333,1,1,0.0,0.0,0.5,0.5,0.5639212131500244,0.5974029302597046,0.2550361752510071,0.02512061595916748,-2.2468953132629395,-2.951960563659668,0.06241375870174832,0.08199890454610188,0.0,0.0,-0.20000000298023224,-0.20000000298023224,-0.1878652125597,-0.18593665957450867,-0.4402562975883484,-0.5798461437225342,0.012229341599676345,0.01610683732562595,0.0,0.0,-0.20000000298023224,-0.20000000298023224,-0.19374094903469086,-0.22964255511760712,-0.43345504999160767,0.08569169044494629,0.019702502272345802,0.0038950768384066496,-0.19259575009346008,-0.005206070374697447,0
79,A:aerial/hold,0.40896904468536377,-0.03374754637479782,0.003890288295224309,-0.20698395371437073,-0.020713919773697853,-0.014043822884559631,72.38037109375,84.22041320800781,156.6007843017578,0.04000411182641983,0.04000920057296753,1,1,0.0,0.0,0.5,0.5,0.5699907541275024,0.5993185639381409,0.2745654284954071,0.02214980125427246,-2.458366870880127,-2.999037504196167,0.06828796863555908,0.08330659733878241,0.0,0.0,-0.20000000298023224,-0.20000000298023224,-0.1872059553861618,-0.18394434452056885,-0.45404547452926636,-0.6591320633888245,0.012612374292479621,0.018309223983022902,0.0,0.0,-0.20000000298023224,-0.20000000298023224,-0.18737207353115082,-0.2201862782239914,-0.5814876556396484,-0.1224866509437561,0.026431257074529476,0.0055675750428980045,-0.20550917088985443,-0.003807240864261985,0
80,A:aerial/hold,0.4083941578865051,-0.0387171134352684,0.0023215082474052906,-0.22101987898349762,-0.020600970834493637,-0.009380511939525604,74.47683715820312,81.0408935546875,155.51773071289062,0.040003858506679535,0.04000777006149292,1,1,0.0,0.0,0.5,0.5,0.5763391852378845,0.6010749340057373,0.29020124673843384,0.01863512396812439,-2.674386739730835,-3.051302671432495,0.07428852054807875,0.08475840753979152,0.0,0.0,-0.20000000298023224,-0.20000000298023224,-0.18657183647155762,-0.18169982731342316,-0.46801039576530457,-0.7400163412094116,0.01300028877125846,0.020556009478039212,0.0,0.0,-0.20000000298023224,-0.20000000298023224,-0.18042287230491638,-0.20994916558265686,-0.7442383766174316,-0.3517582416534424,0.03382901711897417,0.01598901098424738,-0.21922479569911957,-0.0022650337778031826,0
81,A:aerial/hold,0.4077249765396118,-0.04465685039758682,0.0005922354175709188,-0.23594142496585846,-0.020333312451839447,-0.004057170357555151,76.90925598144531,78.78627014160156,155.69552612304688,0.040003664791584015,0.040006399154663086,1,1,0.0,0.0,0.5,0.5,0.5829980373382568,0.6026979684829712,0.3094007074832916,0.017253220081329346,-2.8956832885742188,-3.089520215988159,0.08043564690483941,0.08582000599967109,0.0,0.0,-0.20000000298023224,-0.20000000298023224,-0.18600861728191376,-0.17922724783420563,-0.47991877794265747,-0.8380601406097412,0.01333107716507382,0.023279448350270588,0.0,0.0,-0.20000000298023224,-0.20000000298023224,-0.17285504937171936,-0.19890400767326355,-0.9233062267303467,-0.5831040740013123,0.041968464851379395,0.026504730636423283,-0.23375843465328217,-0.0005758273182436824,0
82,A:aerial/hold,0.4069483280181885,-0.050984978675842285,-0.0012515535345301032,-0.25180289149284363,-0.019948560744524002,-0.0013975901529192924,78.94457244873047,76.08023071289062,155.0248031616211,0.040003396570682526,0.040005847811698914,1,1,0.0,0.0,0.5,0.5,0.5899118185043335,0.6043567657470703,0.3253238797187805,0.03026822954416275,-3.125241756439209,-3.156611204147339,0.08681227101220025,0.0876836445596483,0.0,0.0,-0.20000000298023224,-0.20000000298023224,-0.1854601502418518,-0.17660127580165863,-0.4935764968395233,-0.9201515913009644,0.013710458245542314,0.02555976642502679,0.0,0.0,-0.20000000298023224,-0.20000000298023224,-0.16460460424423218,-0.18707799911499023,-1.1169863939285278,-0.848987877368927,0.05077210881493308,0.03859035806222395,-0.24915039539337158,0.0012120851315557957,0
83,A:aerial/hold,0.4060512185096741,-0.05831778421998024,-0.0031869965605437756,-0.26867175102233887,-0.01947188936173916,-9.742925612954423e-05,80.90493774414062,73.37013244628906,154.2750701904297,0.04000334441661835,0.04000568389892578,1,1,0.0,0.0,0.5,0.5,0.5970652103424072,0.6061381697654724,0.34116262197494507,0.04550284892320633,-3.363241195678711,-3.2307493686676025,0.09342336654663086,0.08974303801854451,0.0,0.0,-0.20000000298023224,-0.20000000298023224,-0.18487539887428284,-0.17382673919200897,-0.5104596018791199,-1.0089088678359985,0.014179433385531107,0.028025246328777738,0.0,0.0,-0.20000000298023224,-0.20000000298023224,-0.15563613176345825,-0.1745007187128067,-1.3259267807006836,-1.1265168190002441,0.060269399122758346,0.05120530995455655,-0.2654510736465454,0.0030726550612598658,0
84,A:aerial/hold,0.4050177037715912,-0.0665416419506073,-0.005202489905059338,-0.2866092026233673,-0.018914250656962395,0.0016944806557148695,82.9383316040039,70.74183654785156,153.68016815185547,0.04000309109687805,0.04000537842512131,1,1,0.0,0.0,0.5,0.5,0.6044880747795105,0.6081417202949524,0.3611523509025574,0.06541144102811813,-3.6060707569122314,-3.316328763961792,0.10016863213645087,0.09212024344338311,0.0,0.0,-0.20000000298023224,-0.20000000298023224,-0.18424324691295624,-0.17092940211296082,-0.5313606262207031,-1.0996930599212646,0.014760017395019531,0.030547029442257352,0.0,0.0,-0.20000000298023224,-0.20000000298023224,-0.1459255814552307,-0.16118890047073364,-1.5525846481323242,-1.420291781425476,0.0705720294605602,0.06455871733752164,-0.28270137310028076,0.004990247078239918,0
85,A:aerial/hold,0.40383294224739075,-0.075755774974823,-0.007289134431630373,-0.3056885004043579,-0.018248889595270157,0.004277805797755718,84.26763153076172,68.25846099853516,152.52609252929688,0.04000284522771835,0.040005072951316833,1,1,0.0,0.0,0.5,0.5,0.6121697425842285,0.6104421019554138,0.3740406930446625,0.08823613822460175,-3.8619251251220703,-3.4174749851226807,0.1072756979200575,0.09492986069785224,0.0,0.0,-0.20000000298023224,-0.20000000298023224,-0.18352706730365753,-0.16790126264095306,-0.554931104183197,-1.1934750080108643,0.015414752893977694,0.03315208355585734,0.0,0.0,-0.20000000298023224,-0.20000000298023224,-0.135426327586174,-0.1471533626317978,-1.7949886322021484,-1.7283601760864258,0.08159039237282494,0.07856182618574663,-0.3009498417377472,0.006951147690415382,0
86,A:aerial/hold,0.4024793207645416,-0.08604911714792252,-0.009450320154428482,-0.32597994804382324,-0.01744956709444523,0.007758290972560644,85.73403930664062,66.05622100830078,151.7902603149414,0.040002547204494476,0.04000477492809296,1,1,0.0,0.0,0.5,0.5,0.6201332211494446,0.6131126880645752,0.39224568009376526,0.11796606332063675,-4.1233134269714355,-3.5310866832733154,0.11453648408253987,0.09808574120203654,0.0,0.0,-0.20000000298023224,-0.20000000298023224,-0.18271543085575104,-0.16474024951457977,-0.5844441056251526,-1.293245792388916,0.01623455848958757,0.035923494233025446,0.0,0.0,-0.20000000298023224,-0.20000000298023224,-0.12409324198961258,-0.132398784160614,-2.056934118270874,-2.052194118499756,0.09349700537594882,0.093281550840898,-0.32023727893829346,0.008952507749199867,0
87,A:aerial/hold,0.4009416699409485,-0.09722716361284256,-0.011702197603881359,-0.3475578725337982,-0.016481300815939903,0.01246812753379345,86.8485107421875,63.85872268676758,150.70723342895508,0.0400024838745594,0.04000476747751236,1,1,0.0,0.0,0.5,0.5,0.6283407807350159,0.6161270141601562,0.4072410762310028,0.1466216892004013,-4.391205787658691,-3.668825626373291,0.12197793854607476,0.10191182295481364,0.0,0.0,-0.20000000298023224,-0.20000000298023224,-0.18176449835300446,-0.16138891875743866,-0.6190014481544495,-1.3993620872497559,0.01719448467095693,0.038871169090270996,0.0,0.0,-0.20000000298023224,-0.20000000298023224,-0.11185882985591888,-0.11688097566366196,-2.3406882286071777,-2.3760557174682617,0.10639491948214444,0.10800253261219371,-0.34060272574424744,0.01100223883986473,0
88,A:aerial/hold,0.39919790625572205,-0.11004531383514404,-0.01402165275067091,-0.37046486139297485,-0.015392223373055458,0.01281376089900732,87.75592041015625,61.187782287597656,148.9437026977539,0.04000179469585419,0.04000398516654968,1,1,0.0,0.0,0.5,0.5,0.6367563605308533,0.6195319294929504,0.42187198996543884,0.1694481372833252,-4.664015293121338,-3.810668468475342,0.1295559803644816,0.10585190190209283,0.0,0.0,-0.20000000298023224,-0.20000000298023224,-0.18067243695259094,-0.15791738033294678,-0.6585687398910522,-1.5027451515197754,0.018293576108084783,0.041742920875549316,0.0,0.0,-0.20000000298023224,-0.20000000298023224,-0.0986407995223999,-0.10053157061338425,-2.643521547317505,-2.736206293106079,0.12016007033261386,0.1243730133230036,-0.36204880475997925,0.013069982640445232,0
89,A:aerial/hold,0.3972204327583313,-0.12478799372911453,-0.016407081857323647,-0.3947538435459137,-0.01411653496325016,0.026550697162747383,88.52371215820312,59.030433654785156,147.55414581298828,0.04000179097056389,0.04000323638319969,1,1,0.0,0.0,0.5,0.5,0.6454750299453735,0.623593270778656,0.43844014406204224,0.19778572022914886,-4.947625637054443,-3.9564218521118164,0.13743404547373453,0.10990060700310601,0.0,0.0,-0.20000000298023224,-0.20000000298023224,-0.17951394617557526,-0.15442173182964325,-0.6973446011543274,-1.6181119680404663,0.019370683365397982,0.04494755466779073,0.0,0.0,-0.20000000298023224,-0.20000000298023224,-0.084407739341259,-0.08343792706727982,-2.973299503326416,-3.1160058975219727,0.135149977423928,0.14163663170554422,-0.38458096981048584,0.015144553035497665,0
90,A:aerial/hold,0.39500927925109863,-0.13838596642017365,-0.01913972944021225,-0.4205350875854492,-0.012650061398744583,0.010748072527348995,88.98414611816406,60.94057846069336,149.92472457885742,0.04000139608979225,0.040050528943538666,1,1,0.0,0.0,0.5,0.5,0.6544573903083801,0.6287857294082642,0.44812291860580444,0.27343398332595825,-5.237006187438965,-4.209112167358398,0.1454723940955268,0.11691978242662218,0.0,0.0,-0.20000000298023224,-0.20000000298023224,-0.1782010793685913,-0.15096122026443481,-0.7473909854888916,-1.7118563652038574,0.020760860708024766,0.04755156570010715,0.0,0.0,-0.20000000298023224,-0.20000000298023224,-0.06910531967878342,-0.06714838743209839,-3.323946475982666,-3.345252275466919,0.15108847618103027,0.1520569216121327,-0.40824899077415466,0.017471030354499817,0
91,A:aerial/hold,0.3926084637641907,-0.1507689356803894,-0.022823888808488846,-0.44786229729652405,-0.01103923935443163,0.0024811087641865015,87.01408386230469,62.25630187988281,149.2703857421875,0.0400007888674736,0.04022033140063286,1,1,0.0,0.0,0.5,0.5,0.6632102727890015,0.6349346041679382,0.42316684126853943,0.3050392270088196,-5.48319673538208,-4.4481329917907715,0.15231102042728,0.12355924977196588,0.0,0.0,-0.20000000298023224,-0.20000000298023224,-0.1765339970588684,-0.14721955358982086,-0.8201889991760254,-1.852750539779663,0.022783027754889593,0.05146529277165731,0.0,0.0,-0.20000000298023224,-0.20000000298023224,-0.0524088591337204,-0.05355116352438927,-3.7229995727539062,-3.492968797683716,0.16922725330699573,0.15877130898562344,-0.43303966522216797,0.020571090281009674,0
92,A:aerial/hold,0.3899924159049988,-0.1656590700149536,-0.02752992883324623,-0.47659847140312195,-0.009217406623065472,-0.02353079617023468,84.7254638671875,63.390132904052734,148.11559677124023,0.04000069573521614,0.04051189124584198,1,1,0.0,0.0,0.5,0.5,0.6711745262145996,0.6415663361549377,0.38084346055984497,0.3256639242172241,-5.6625518798828125,-4.67674446105957,0.15729310777452257,0.12990956836276585,0.0,0.0,-0.20000000298023224,-0.20000000298023224,-0.17463548481464386,-0.14335598051548004,-0.8849630355834961,-1.9738658666610718,0.024582306543986004,0.05482960740725199,0.0,0.0,-0.20000000298023224,-0.20000000298023224,-0.03375422582030296,-0.04217851907014847,-4.186465263366699,-3.6177289485931396,0.19029387560757724,0.1644422249360518,-0.4587593674659729,0.02445891685783863,0
93,A:aerial/hold,0.38714757561683655,-0.18024535477161407,-0.032901231199502945,-0.5068032741546631,-0.00726334610953927,-0.021209292113780975,82.76275634765625,64.9147720336914,147.67752838134766,0.04003482684493065,0.040903013199567795,1,1,0.0,0.0,0.5,0.5,0.6783285737037659,0.6483039259910583,0.42506012320518494,0.3264704942703247,-5.875817775726318,-4.872864246368408,0.16321716043684217,0.13535734017690024,0.0,0.0,-0.20000000298023224,-0.20000000298023224,-0.1723073124885559,-0.139290452003479,-1.0048409700393677,-2.1259002685546875,0.027912249167760212,0.05905278523763021,0.0,0.0,-0.20000000298023224,-0.20000000298023224,-0.013343308120965958,-0.03221284598112106,-4.661218166351318,-3.758676528930664,0.21187355301596902,0.170848933133212,-0.48538485169410706,0.028760377317667007,0
94,A:aerial/hold,0.3840923607349396,-0.19369351863861084,-0.03778885677456856,-0.5384848713874817,-0.006066437344998121,-0.06796988844871521,84.14132690429688,65.46758270263672,149.6089096069336,0.04020213335752487,0.041403498500585556,1,1,0.0,0.0,0.5,0.5,0.6850263476371765,0.6551011800765991,0.4398154616355896,0.3035098910331726,-6.151822090148926,-5.10516881942749,0.17088394694858128,0.14181024498409694,0.0,0.0,-0.20000000298023224,-0.20000000298023224,-0.1693221777677536,-0.13554970920085907,-1.1264493465423584,-2.190877914428711,0.031290259626176625,0.06085771984524197,0.0,0.0,-0.20000000298023224,-0.20000000298023224,0.004914623219519854,-0.02350318804383278,-4.893834590911865,-3.8557186126708984,0.22244702685963025,0.1752599369395863,-0.5128358602523804,0.03243350610136986,0
95,A:aerial/hold,0.38086503744125366,-0.20693321526050568,-0.042226020246744156,-0.5716345906257629,-0.0051675536669790745,-0.08651314675807953,84.51193237304688,64.48075866699219,148.99269104003906,0.04057659953832626,0.042043883353471756,1,1,0.0,0.0,0.5,0.5,0.6912598013877869,0.6610490679740906,0.40876394510269165,0.2766616642475128,-6.313351631164551,-5.207850933074951,0.17537087864345974,0.14466252591874865,0.0,0.0,-0.20000000298023224,-0.20000000298023224,-0.1658966839313507,-0.1316429227590561,-1.2612488269805908,-2.329159736633301,0.03503468963834974,0.06469888157314724,0.0,0.0,-0.20000000298023224,-0.20000000298023224,0.01942511275410652,-0.016368068754673004,-4.988771915435791,-3.932347297668457,0.22676235979253595,0.17874305898492987,-0.5410074591636658,0.03550228476524353,0
96,A:aerial/hold,0.3774228096008301,-0.22231581807136536,-0.046295516192913055,-0.6059950590133667,-0.004615472164005041,-0.08779782056808472,84.1112289428711,63.41754150390625,147.52877044677734,0.0411866120994091,0.04284491017460823,1,1,0.0,0.0,0.5,0.5,0.6966656446456909,0.6656054258346558,0.30995702743530273,0.19724136590957642,-6.4611992835998535,-5.23881196975708,0.1794777578777737,0.14552255471547446,0.0,0.0,-0.20000000298023224,-0.20000000298023224,-0.16261953115463257,-0.12787283957004547,-1.331654667854309,-2.4365763664245605,0.03699040744039747,0.06768267684512669,0.0,0.0,-0.20000000298023224,-0.20000000298023224,0.0302184596657753,-0.01119705755263567,-4.976043224334717,-3.9580442905426025,0.2261837829243053,0.17991110411557285,-0.5695802569389343,0.038038335740566254,0
97,A:aerial/hold,0.3736916184425354,-0.24259011447429657,-0.05011538416147232,-0.6413622498512268,-0.004216980654746294,-0.09362491965293884,81.40238189697266,62.33128356933594,143.7336654663086,0.04203411191701889,0.04382556304335594,1,1,0.0,0.0,0.5,0.5,0.7009820938110352,0.6684039831161499,0.30628132820129395,0.09271211177110672,-6.339426040649414,-5.214804172515869,0.17609516779581705,0.14485567145877415,0.0,0.0,-0.20000000298023224,-0.20000000298023224,-0.15989536046981812,-0.12456295639276505,-1.3907610177993774,-2.4986460208892822,0.03863225049442715,0.06940683391359118,0.0,0.0,-0.20000000298023224,-0.20000000298023224,0.037504058331251144,-0.0081092594191432,-5.065032958984375,-3.908198595046997,0.23022877086292615,0.1776453906839544,-0.5982875823974609,0.04013972729444504,0
98,A:aerial/hold,0.36956843733787537,-0.2682012915611267,-0.05363352969288826,-0.677616536617279,-0.0040418594144284725,-0.10027465224266052,79.42140197753906,60.24305725097656,139.66445922851562,0.043121613562107086,0.04498755931854248,1,1,0.0,0.0,0.5,0.5,0.7033010125160217,0.6691671013832092,0.19770342111587524,-0.018530413508415222,-6.267463684082031,-5.098972797393799,0.1740962134467231,0.14163813326093885,0.0,0.0,-0.20000000298023224,-0.20000000298023224,-0.15789620578289032,-0.12201583385467529,-1.4003382921218872,-2.520449161529541,0.03889828589227465,0.07001247670915392,0.0,0.0,-0.20000000298023224,-0.20000000298023224,0.04190294072031975,-0.007232024800032377,-5.0210137367248535,-3.8332409858703613,0.22822789712385697,0.17423822663047098,-0.6269379258155823,0.04176420718431473,0
99,A:aerial/hold,0.36492133140563965,-0.30067911744117737,-0.056750744581222534,-0.7146931290626526,-0.004300693981349468,-0.11536707729101181,77.5981216430664,57.165733337402344,134.76385498046875,0.04442845657467842,0.04632743075489998,1,1,0.0,0.0,0.5,0.5,0.7032985687255859,0.667694091796875,-0.016746047884225845,-0.12736615538597107,-6.2438740730285645,-4.892725467681885,0.17344094647301567,0.13590904076894125,0.0,0.0,-0.20000000298023224,-0.20000000298023224,-0.15673382580280304,-0.12052991986274719,-1.3563679456710815,-2.4944677352905273,0.037676887379752264,0.06929077042473687,0.0,0.0,-0.20000000298023224,-0.20000000298023224,0.043736353516578674,-0.008637389168143272,-4.870059013366699,-3.7114017009735107,0.22136631878939542,0.16870007731697775,-0.6553856730461121,0.042840518057346344,0
100,A:aerial/hold,0.35958755016326904,-0.34236058592796326,-0.05941502004861832,-0.7525790333747864,-0.00505485013127327,-0.12832696735858917,75.13867950439453,54.20094299316406,129.3396224975586,0.04594947025179863,0.04782868176698685,1,1,0.0,0.0,0.5,0.5,0.7010627388954163,0.6637121438980103,-0.06284193694591522,-0.25454962253570557,-5.854896545410156,-4.61599063873291,0.16263601515028211,0.12822196218702528,0.0,0.0,-0.20000000298023224,-0.20000000298023224,-0.15675465762615204,-0.12026244401931763,-1.3134760856628418,-2.4182608127593994,0.03648544682396783,0.06717391146553887,0.0,0.0,-0.20000000298023224,-0.20000000298023224,0.042647819966077805,-0.012338320724666119,-4.7788190841674805,-3.521423816680908,0.21721904928034003,0.1600647189400413,-0.6835235357284546,0.043343208730220795,0
101,A:aerial/hold,0.353390097618103,-0.3933137059211731,-0.061405543237924576,-0.7913892865180969,-0.006496772635728121,-0.14374037086963654,70.76612854003906,50.154335021972656,120.92046356201172,0.04764723777770996,0.04946419596672058,1,1,0.0,0.0,0.5,0.5,0.696222722530365,0.6571173071861267,-0.27823930978775024,-0.3890472948551178,-5.643254280090332,-4.239831924438477,0.15675706333584255,0.11777310901217991,0.0,0.0,-0.20000000298023224,-0.20000000298023224,-0.15778349339962006,-0.1212434247136116,-1.17026686668396,-2.2974777221679688,0.03250741296344333,0.06381882561577691,0.0,0.0,-0.20000000298023224,-0.20000000298023224,0.038953639566898346,-0.018517524003982544,-4.547175407409668,-3.3012218475341797,0.206689791245894,0.15005553852428088,-0.7113304138183594,0.0431322418153286,0
102,A:aerial/hold,0.3461064100265503,-0.4565332531929016,-0.06255265325307846,-0.8312153816223145,-0.008757405914366245,-0.1549031287431717,66.48419952392578,45.51643371582031,112.0006332397461,0.049503132700920105,0.0511966347694397,1,1,0.0,0.0,0.5,0.5,0.6888465285301208,0.6477933526039124,-0.39435499906539917,-0.5217446088790894,-5.120128154754639,-3.77689266204834,0.14222578207651773,0.10491368505689833,0.0,0.0,-0.20000000298023224,-0.20000000298023224,-0.16006454825401306,-0.12355680018663406,-1.0471642017364502,-2.1412508487701416,0.02908789449267917,0.059479190243615046,0.0,0.0,-0.20000000298023224,-0.20000000298023224,0.03215646743774414,-0.027299225330352783,-4.338338375091553,-3.0171031951904297,0.19719719886779785,0.1371410543268377,-0.7387510538101196,0.04213164001703262,0
103,A:aerial/hold,0.3374911844730377,-0.5329111814498901,-0.06268485635519028,-0.8721827864646912,-0.011794665828347206,-0.15024146437644958,61.532432556152344,40.26009750366211,101.79253005981445,0.051469478756189346,0.052970465272665024,1,1,0.0,0.0,0.5,0.5,0.6785358190536499,0.6357003450393677,-0.543219804763794,-0.6640428304672241,-4.614889621734619,-3.2320613861083984,0.1281913783815172,0.08977948294745551,0.0,0.0,-0.20000000298023224,-0.20000000298023224,-0.1635236293077469,-0.12718109786510468,-0.8583674430847168,-1.9400792121887207,0.02384354008568658,0.05389108922746447,0.0,0.0,-0.20000000298023224,-0.20000000298023224,0.02260846085846424,-0.03890005499124527,-4.025551795959473,-2.6667370796203613,0.18297962708906693,0.12121532180092552,-0.7657346129417419,0.040289781987667084,0
104,A:aerial/hold,0.3272487223148346,-0.6255948543548584,-0.06151421740651131,-0.9143537282943726,-0.015669111162424088,-0.1368127465248108,55.96773147583008,33.44756317138672,89.4152946472168,0.053492479026317596,0.054714057594537735,1,1,0.0,0.0,0.5,0.5,0.6652947068214417,0.6208487153053284,-0.6936811208724976,-0.8083519339561462,-4.019106864929199,-2.550361156463623,0.11164185735914442,0.07084336545732287,0.0,0.0,-0.20000000298023224,-0.20000000298023224,-0.16833887994289398,-0.13227500021457672,-0.6200324296951294,-1.698866605758667,0.017223123047086928,0.04719073904885186,0.0,0.0,-0.20000000298023224,-0.20000000298023224,0.010122375562787056,-0.05362563952803612,-3.645883083343506,-2.205965280532837,0.16572195833379572,0.10027114911512895,-0.7921683192253113,0.03751860558986664,0
105,A:aerial/hold,0.3658137619495392,-0.004888966213911772,-0.05805327370762825,-0.9577739238739014,-0.021359266713261604,-0.06405840814113617,49.92481994628906,27.408565521240234,77.3333854675293,0.055490776896476746,0.056338243186473846,1,1,0.0,0.0,0.5,0.5,0.4081536531448364,0.28772443532943726,0.18001848459243774,0.19812741875648499,-3.3470160961151123,-1.8247790336608887,0.0929726693365309,0.05068830649058024,0.0,0.0,-0.20000000298023224,-0.20000000298023224,-0.29773736000061035,-0.37661510705947876,-0.3229738473892212,-1.3741116523742676,0.0089714957608117,0.038169768121507436,0.0,0.0,-0.20000000298023224,-0.20000000298023224,-0.19016413390636444,0.05129773169755936,-3.201746940612793,-1.7040398120880127,0.14553395184603604,0.07745635509490967,-0.8179128170013428,0.03338174521923065,1
